col_0,col_1,col_2
LXX,XXXIV-XII-XXIV,XL
LXX,XXXIV-XII-XXV,XXXIX
LXX,XXXIV-XII-XXVI,XL
LXX,XXXIV-XII-XXVII,XL
LXXI,XXXIV-XII-XXVIII,XLI
LXXI,XXXIV-XII-XXIX,XL
LXX,XXXIV-XII-XXX,XL
LXXI,XXXIV-XII-XXXI,XL
LXXII,XXXV-I-I,XL
LXXII,XXXV-I-II,XL
LXXI,XXXV-I-III,XL
LXXII,XXXV-I-IV,XL
LXXII,XXXV-I-V,XL
LXXIII,XXXV-I-VI,XLI
LXXIII,XXXV-I-VII,XLI
LXXIII,XXXV-I-VIII,XLI
LXXIII,XXXV-I-IX,XLI
LXXIII,XXXV-I-X,XL
LXXIII,XXXV-I-XI,XL
LXXII,XXXV-I-XII,XL
LXXII,XXXV-I-XIII,XL
LXXII,XXXV-I-XIV,XL
LXXIII,XXXV-I-XV,XLI
LXXIII,XXXV-I-XVI,XLI
LXXIII,XXXV-I-XVII,XLI
LXXII,XXXV-I-XVIII,XLI
LXXII,XXXV-I-XIX,XLI
LXXII,XXXV-I-XX,XLI
LXXIII,XXXV-I-XXI,XLI
LXXIII,XXXV-I-XXII,XLI
LXXIII,XXXV-I-XXIII,XLI
LXXIV,XXXV-I-XXIV,XLI
LXXIV,XXXV-I-XXV,XLI
LXXIV,XXXV-I-XXVI,XLI
LXXV,XXXV-I-XXVII,XLI
LXXV,XXXV-I-XXVIII,XLI
LXXVI,XXXV-I-XXIX,XLII
LXXVI,XXXV-I-XXX,XLII
LXXV,XXXV-I-XXXI,XLI
LXXVI,XXXV-II-I,XLI
LXXV,XXXV-II-II,XLI
LXXVI,XXXV-II-III,XLI
LXXVI,XXXV-II-IV,XLI
LXXVI,XXXV-II-V,XLI
LXXVI,XXXV-II-VI,XLI
LXXVI,XXXV-II-VII,XLI
LXXVI,XXXV-II-VIII,XL
LXXV,XXXV-II-IX,XL
LXXIV,XXXV-II-X,XL
LXXIV,XXXV-II-XI,XL
LXXV,XXXV-II-XII,XL
LXXV,XXXV-II-XIII,XXXIX
LXXV,XXXV-II-XIV,XXXIX
LXXV,XXXV-II-XV,XXXIX
LXXVI,XXXV-II-XVI,XXXIX
LXXVI,XXXV-II-XVII,XXXIX
LXXVI,XXXV-II-XVIII,XXXVIII
LXXVII,XXXV-II-XIX,XXXVIII
LXXVI,XXXV-II-XX,XXXVIII
LXXVII,XXXV-II-XXI,XXXVIII
LXXVII,XXXV-II-XXII,XXXVIII
LXXVII,XXXV-II-XXIII,XXXIX
LXXVII,XXXV-II-XXIV,XXXVIII
LXXVI,XXXV-II-XXV,XXXVIII
LXXVI,XXXV-II-XXVI,XXXVIII
LXXVI,XXXV-II-XXVII,XXXVII
LXXVI,XXXV-II-XXVIII,XXXVII
LXXVI,XXXV-III-I,XXXVII
LXXVI,XXXV-III-II,XXXVII
LXXVII,XXXV-III-III,XXXVII
LXXVI,XXXV-III-IV,XXXVII
LXXVII,XXXV-III-V,XXXVII
LXXVIII,XXXV-III-VI,XXXVII
LXXVII,XXXV-III-VII,XXXVI
LXXVII,XXXV-III-VIII,XXXVI
LXXVII,XXXV-III-IX,XXXVI
LXXVI,XXXV-III-X,XXXVI
LXXVII,XXXV-III-XI,XXXVI
LXXVII,XXXV-III-XII,XXXVI
LXXVII,XXXV-III-XIII,XXXVI
LXXVIII,XXXV-III-XIV,XXXVI
LXXVIII,XXXV-III-XV,XXXVI
LXXVIII,XXXV-III-XVI,XXXVI
LXXVII,XXXV-III-XVII,XXXVI
LXXVII,XXXV-III-XVIII,XXXVII
LXXVII,XXXV-III-XIX,XXXVII
LXXVII,XXXV-III-XX,XXXVII
LXXVII,XXXV-III-XXI,XXXVII
LXXVII,XXXV-III-XXII,XXXVII
LXXVII,XXXV-III-XXIII,XXXVII
LXXVII,XXXV-III-XXIV,XXXVII
LXXVI,XXXV-III-XXV,XXXVII
LXXVI,XXXV-III-XXVI,XXXVII
LXXVII,XXXV-III-XXVII,XXXVII
LXXVII,XXXV-III-XXVIII,XXXVII
LXXVII,XXXV-III-XXIX,XXXVII
LXXVII,XXXV-III-XXX,XXXVII
LXXVII,XXXV-III-XXXI,XXXVII
LXXVII,XXXV-IV-I,XXXVIII
LXXVII,XXXV-IV-II,XXXVIII
LXXVII,XXXV-IV-III,XXXVIII
LXXVI,XXXV-IV-IV,XXXVIII
LXXVI,XXXV-IV-V,XXXVIII
LXXVI,XXXV-IV-VI,XXXVIII
LXXVI,XXXV-IV-VII,XXXVIII
LXXVII,XXXV-IV-VIII,XXXVIII
LXXVII,XXXV-IV-IX,XXXVIII
LXXVIII,XXXV-IV-X,XXXVIII
LXXVII,XXXV-IV-XI,XXXVIII
LXXVIII,XXXV-IV-XII,XXXIX
LXXVIII,XXXV-IV-XIII,XXXIX
LXXVII,XXXV-IV-XIV,XXXIX
LXXVII,XXXV-IV-XV,XXXIX
LXXVII,XXXV-IV-XVI,XXXIX
LXXVII,XXXV-IV-XVII,XXXIX
LXXVII,XXXV-IV-XVIII,XXXIX
LXXVIII,XXXV-IV-XIX,XL
LXXVII,XXXV-IV-XX,XXXIX
LXXVII,XXXV-IV-XXI,XL
LXXVII,XXXV-IV-XXII,XL
LXXVII,XXXV-IV-XXIII,XL
LXXVI,XXXV-IV-XXIV,XL
LXXVII,XXXV-IV-XXV,XXXIX
LXXVII,XXXV-IV-XXVI,XXXIX
LXXVII,XXXV-IV-XXVII,XXXIX
LXXVI,XXXV-IV-XXVIII,XXXVIII
LXXVII,XXXV-IV-XXIX,XXXVIII
LXXVII,XXXV-IV-XXX,XXXIX
LXXVII,XXXV-V-I,XXXIX
LXXVII,XXXV-V-II,XXXIX
LXXVII,XXXV-V-III,XXXIX
LXXVII,XXXV-V-IV,XL
LXXVII,XXXV-V-V,XXXIX
LXXVII,XXXV-V-VI,XL
LXXVII,XXXV-V-VII,XL
LXXVI,XXXV-V-VIII,XL
LXXVII,XXXV-V-IX,XL
LXXVII,XXXV-V-X,XL
LXXVII,XXXV-V-XI,XL
LXXVII,XXXV-V-XII,XL
LXXVII,XXXV-V-XIII,XL
LXXVIII,XXXV-V-XIV,XL
LXXVIII,XXXV-V-XV,XL
LXXVIII,XXXV-V-XVI,XXXIX
LXXIX,XXXV-V-XVII,XXXIX
LXXIX,XXXV-V-XVIII,XXXIX
LXXVIII,XXXV-V-XIX,XL
LXXVIII,XXXV-V-XX,XXXIX
LXXVIII,XXXV-V-XXI,XXXIX
LXXVIII,XXXV-V-XXII,XXXIX
LXXIX,XXXV-V-XXIII,XXXIX
LXXIX,XXXV-V-XXIV,XXXIX
LXXIX,XXXV-V-XXV,XXXIX
LXXIX,XXXV-V-XXVI,XXXIX
LXXIX,XXXV-V-XXVII,XXXVIII
LXXVIII,XXXV-V-XXVIII,XXXVIII
LXXVIII,XXXV-V-XXIX,XXXVIII
LXXVIII,XXXV-V-XXX,XXXVIII
LXXVIII,XXXV-V-XXXI,XXXVIII
LXXVIII,XXXV-VI-I,XXXVIII
LXXVIII,XXXV-VI-II,XXXVII
LXXVIII,XXXV-VI-III,XXXVII
LXXVIII,XXXV-VI-IV,XXXVII
LXXVIII,XXXV-VI-V,XXXVIII
LXXVIII,XXXV-VI-VI,XXXVIII
LXXVIII,XXXV-VI-VII,XXXVIII
LXXVIII,XXXV-VI-VIII,XXXVIII
LXXVII,XXXV-VI-IX,XXXVIII
LXXVII,XXXV-VI-X,XXXVIII
LXXVII,XXXV-VI-XI,XXXVII
LXXVII,XXXV-VI-XII,XXXVIII
LXXVI,XXXV-VI-XIII,XXXVIII
LXXVI,XXXV-VI-XIV,XXXVIII
LXXV,XXXV-VI-XV,XXXVIII
LXXVI,XXXV-VI-XVI,XXXVIII
LXXVI,XXXV-VI-XVII,XXXIX
LXXVI,XXXV-VI-XVIII,XXXIX
LXXVII,XXXV-VI-XIX,XXXIX
LXXVII,XXXV-VI-XX,XXXIX
LXXVIII,XXXV-VI-XXI,XL
LXXVII,XXXV-VI-XXII,XL
LXXVII,XXXV-VI-XXIII,XL
LXXVIII,XXXV-VI-XXIV,XL
LXXVII,XXXV-VI-XXV,XXXIX
LXXVII,XXXV-VI-XXVI,XL
LXXVII,XXXV-VI-XXVII,XL
LXXVII,XXXV-VI-XXVIII,XL
LXXVII,XXXV-VI-XXIX,XLI
LXXVIII,XXXV-VI-XXX,XL
LXXVII,XXXV-VII-I,XL
LXXVIII,XXXV-VII-II,XL
LXXVIII,XXXV-VII-III,XL
LXXIX,XXXV-VII-IV,XL
LXXVIII,XXXV-VII-V,XL
LXXVIII,XXXV-VII-VI,XLI
LXXVIII,XXXV-VII-VII,XLI
LXXIX,XXXV-VII-VIII,XL
LXXIX,XXXV-VII-IX,XL
LXXIX,XXXV-VII-X,XL
LXXIX,XXXV-VII-XI,XL
LXXIX,XXXV-VII-XII,XL
LXXVIII,XXXV-VII-XIII,XXXIX
LXXVIII,XXXV-VII-XIV,XXXIX
LXXVII,XXXV-VII-XV,XXXIX
LXXVIII,XXXV-VII-XVI,XXXIX
LXXVIII,XXXV-VII-XVII,XXXIX
LXXVII,XXXV-VII-XVIII,XXXIX
LXXVIII,XXXV-VII-XIX,XXXIX
LXXVII,XXXV-VII-XX,XXXVIII
LXXVIII,XXXV-VII-XXI,XXXIX
LXXVIII,XXXV-VII-XXII,XXXIX
LXXVII,XXXV-VII-XXIII,XXXIX
LXXVII,XXXV-VII-XXIV,XXXIX
LXXVII,XXXV-VII-XXV,XL
LXXVI,XXXV-VII-XXVI,XL
LXXVI,XXXV-VII-XXVII,XXXIX
LXXVI,XXXV-VII-XXVIII,XL
LXXVII,XXXV-VII-XXIX,XL
LXXVII,XXXV-VII-XXX,XL
LXXVII,XXXV-VII-XXXI,XL
LXXVIII,XXXV-VIII-I,XL
LXXVIII,XXXV-VIII-II,XL
LXXVIII,XXXV-VIII-III,XL
LXXVIII,XXXV-VIII-IV,XL
LXXVIII,XXXV-VIII-V,XXXIX
LXXVIII,XXXV-VIII-VI,XXXIX
LXXVIII,XXXV-VIII-VII,XXXIX
LXXVIII,XXXV-VIII-VIII,XXXIX
LXXIX,XXXV-VIII-IX,XXXIX
LXXIX,XXXV-VIII-X,XXXIX
LXXX,XXXV-VIII-XI,XL
LXXX,XXXV-VIII-XII,XXXIX
LXXX,XXXV-VIII-XIII,XXXIX
LXXX,XXXV-VIII-XIV,XXXIX
LXXX,XXXV-VIII-XV,XXXIX
LXXX,XXXV-VIII-XVI,XXXIX
LXXX,XXXV-VIII-XVII,XL
LXXX,XXXV-VIII-XVIII,XL
LXXX,XXXV-VIII-XIX,XL
LXXXI,XXXV-VIII-XX,XL
LXXXI,XXXV-VIII-XXI,XL
LXXX,XXXV-VIII-XXII,XL
LXXX,XXXV-VIII-XXIII,XL
LXXXI,XXXV-VIII-XXIV,XL
LXXXI,XXXV-VIII-XXV,XL
LXXXII,XXXV-VIII-XXVI,XL
LXXXI,XXXV-VIII-XXVII,XL
LXXXII,XXXV-VIII-XXVIII,XL
LXXXII,XXXV-VIII-XXIX,XLI
LXXXII,XXXV-VIII-XXX,XLI
LXXXI,XXXV-VIII-XXXI,XLI
LXXXI,XXXV-IX-I,XLI
LXXXI,XXXV-IX-II,XLII
LXXXI,XXXV-IX-III,XLI
LXXX,XXXV-IX-IV,XLI
LXXX,XXXV-IX-V,XLI
LXXX,XXXV-IX-VI,XLI
LXXX,XXXV-IX-VII,XL
LXXXI,XXXV-IX-VIII,XL
LXXX,XXXV-IX-IX,XL
LXXX,XXXV-IX-X,XL
LXXIX,XXXV-IX-XI,XL
LXXIX,XXXV-IX-XII,XLI
LXXX,XXXV-IX-XIII,XLI
LXXIX,XXXV-IX-XIV,XLI
LXXIX,XXXV-IX-XV,XLI
LXXVIII,XXXV-IX-XVI,XLI
LXXVIII,XXXV-IX-XVII,XLI
LXXVIII,XXXV-IX-XVIII,XLI
LXXIX,XXXV-IX-XIX,XLI
LXXIX,XXXV-IX-XX,XLI
LXXVIII,XXXV-IX-XXI,XLI
LXXVIII,XXXV-IX-XXII,XLI
LXXVII,XXXV-IX-XXIII,XLI
LXXVII,XXXV-IX-XXIV,XLI
LXXVII,XXXV-IX-XXV,XLI
LXXVII,XXXV-IX-XXVI,XLI
LXXVIII,XXXV-IX-XXVII,XLI
LXXVIII,XXXV-IX-XXVIII,XLI
LXXVIII,XXXV-IX-XXIX,XL
LXXVII,XXXV-IX-XXX,XL
LXXVII,XXXV-X-I,XL
LXXVIII,XXXV-X-II,XL
LXXVIII,XXXV-X-III,XLI
LXXVIII,XXXV-X-IV,XL
LXXVII,XXXV-X-V,XL
LXXVII,XXXV-X-VI,XL
LXXVII,XXXV-X-VII,XL
LXXVI,XXXV-X-VIII,XL
LXXVI,XXXV-X-IX,XL
LXXVI,XXXV-X-X,XL
LXXVI,XXXV-X-XI,XL
LXXV,XXXV-X-XII,XL
LXXV,XXXV-X-XIII,XL
LXXVI,XXXV-X-XIV,XL
LXXVI,XXXV-X-XV,XL
LXXVI,XXXV-X-XVI,XL
LXXVI,XXXV-X-XVII,XL
LXXVI,XXXV-X-XVIII,XL
LXXVI,XXXV-X-XIX,XL
LXXVI,XXXV-X-XX,XLI
LXXVI,XXXV-X-XXI,XL
LXXVII,XXXV-X-XXII,XL
LXXVII,XXXV-X-XXIII,XL
LXXVII,XXXV-X-XXIV,XL
LXXVII,XXXV-X-XXV,XL
LXXVI,XXXV-X-XXVI,XL
LXXVI,XXXV-X-XXVII,XL
LXXVI,XXXV-X-XXVIII,XL
LXXVI,XXXV-X-XXIX,XL
LXXVII,XXXV-X-XXX,XL
LXXVII,XXXV-X-XXXI,XL
LXXVII,XXXV-XI-I,XXXIX
LXXVIII,XXXV-XI-II,XL
LXXVII,XXXV-XI-III,XL
LXXVIII,XXXV-XI-IV,XL
LXXVIII,XXXV-XI-V,XL
LXXVIII,XXXV-XI-VI,XLI
LXXIX,XXXV-XI-VII,XL
LXXIX,XXXV-XI-VIII,XL
LXXIX,XXXV-XI-IX,XL
LXXIX,XXXV-XI-X,XL
LXXVIII,XXXV-XI-XI,XL
LXXIX,XXXV-XI-XII,XL
LXXIX,XXXV-XI-XIII,XXXIX
LXXIX,XXXV-XI-XIV,XXXIX
LXXIX,XXXV-XI-XV,XXXIX
LXXX,XXXV-XI-XVI,XXXIX
LXXX,XXXV-XI-XVII,XXXIX
LXXXI,XXXV-XI-XVIII,XXXIX
LXXX,XXXV-XI-XIX,XXXIX
LXXXI,XXXV-XI-XX,XXXIX
LXXXII,XXXV-XI-XXI,XXXIX
LXXXII,XXXV-XI-XXII,XXXVIII
LXXXI,XXXV-XI-XXIII,XXXIX
LXXXI,XXXV-XI-XXIV,XXXIX
LXXXI,XXXV-XI-XXV,XXXIX
LXXXII,XXXV-XI-XXVI,XXXIX
LXXXII,XXXV-XI-XXVII,XXXIX
LXXXII,XXXV-XI-XXVIII,XXXIX
LXXXII,XXXV-XI-XXIX,XXXIX
LXXXI,XXXV-XI-XXX,XXXIX
LXXXII,XXXV-XII-I,XXXIX
LXXXII,XXXV-XII-II,XXXIX
LXXXI,XXXV-XII-III,XXXIX
LXXXII,XXXV-XII-IV,XXXVIII
LXXXII,XXXV-XII-V,XXXVIII
LXXXI,XXXV-XII-VI,XXXVIII
LXXXI,XXXV-XII-VII,XXXIX
LXXXI,XXXV-XII-VIII,XXXIX
LXXX,XXXV-XII-IX,XXXIX
LXXX,XXXV-XII-X,XXXIX
LXXXI,XXXV-XII-XI,XXXIX
LXXXII,XXXV-XII-XII,XXXIX
LXXXI,XXXV-XII-XIII,XXXIX
LXXXII,XXXV-XII-XIV,XXXVIII
LXXXIII,XXXV-XII-XV,XXXIX
LXXXIII,XXXV-XII-XVI,XXXVIII
LXXXII,XXXV-XII-XVII,XXXVIII
LXXXII,XXXV-XII-XVIII,XXXVIII
LXXXIII,XXXV-XII-XIX,XXXVIII
LXXXIII,XXXV-XII-XX,XXXVIII
LXXXIII,XXXV-XII-XXI,XXXVIII
LXXXIII,XXXV-XII-XXII,XXXVIII
LXXXII,XXXV-XII-XXIII,XXXVII
LXXXII,XXXV-XII-XXIV,XXXVIII
LXXXII,XXXV-XII-XXV,XXXVIII
LXXXII,XXXV-XII-XXVI,XXXVII
LXXXII,XXXV-XII-XXVII,XXXVII
LXXXII,XXXV-XII-XXVIII,XXXVII
LXXXIII,XXXV-XII-XXIX,XXXVII
LXXXIII,XXXV-XII-XXX,XXXVII
LXXXIII,XXXV-XII-XXXI,XXXVIII
LXXXIII,XXXVI-I-I,XXXVIII
LXXXIII,XXXVI-I-II,XXXVIII
LXXXIII,XXXVI-I-III,XXXVIII
LXXXIII,XXXVI-I-IV,XXXVIII
LXXXIII,XXXVI-I-V,XXXVIII
LXXXII,XXXVI-I-VI,XXXVIII
LXXXIII,XXXVI-I-VII,XXXVIII
LXXXII,XXXVI-I-VIII,XXXVIII
LXXXI,XXXVI-I-IX,XXXVIII
LXXXI,XXXVI-I-X,XXXIX
LXXXI,XXXVI-I-XI,XXXIX
LXXXII,XXXVI-I-XII,XXXIX
LXXXII,XXXVI-I-XIII,XXXIX
LXXXII,XXXVI-I-XIV,XXXIX
LXXXII,XXXVI-I-XV,XXXIX
LXXXIII,XXXVI-I-XVI,XXXIX
LXXXII,XXXVI-I-XVII,XXXIX
LXXXIII,XXXVI-I-XVIII,XXXVIII
LXXXII,XXXVI-I-XIX,XXXVIII
LXXXIII,XXXVI-I-XX,XXXVIII
LXXXII,XXXVI-I-XXI,XXXVIII
LXXXII,XXXVI-I-XXII,XXXVIII
LXXXI,XXXVI-I-XXIII,XXXVIII
LXXXI,XXXVI-I-XXIV,XXXVIII
LXXXI,XXXVI-I-XXV,XXXVIII
LXXXI,XXXVI-I-XXVI,XXXVIII
LXXXI,XXXVI-I-XXVII,XXXVIII
LXXXII,XXXVI-I-XXVIII,XXXVIII
LXXXII,XXXVI-I-XXIX,XXXVIII
LXXXI,XXXVI-I-XXX,XXXVIII
LXXXII,XXXVI-I-XXXI,XXXVII
LXXXII,XXXVI-II-I,XXXVII
LXXXII,XXXVI-II-II,XXXVII
LXXXI,XXXVI-II-III,XXXVII
LXXXII,XXXVI-II-IV,XXXVII
LXXXII,XXXVI-II-V,XXXVII
LXXXII,XXXVI-II-VI,XXXVII
LXXXI,XXXVI-II-VII,XXXVII
LXXXI,XXXVI-II-VIII,XXXVII
LXXXII,XXXVI-II-IX,XXXVII
LXXXII,XXXVI-II-X,XXXVII
LXXXII,XXXVI-II-XI,XXXVIII
LXXXII,XXXVI-II-XII,XXXVIII
LXXXII,XXXVI-II-XIII,XXXVIII
LXXXII,XXXVI-II-XIV,XXXVII
LXXXII,XXXVI-II-XV,XXXVIII
LXXXII,XXXVI-II-XVI,XXXVIII
LXXXII,XXXVI-II-XVII,XXXVIII
LXXXII,XXXVI-II-XVIII,XXXVIII
LXXXI,XXXVI-II-XIX,XXXVIII
LXXXI,XXXVI-II-XX,XXXVIII
LXXX,XXXVI-II-XXI,XXXVIII
LXXXI,XXXVI-II-XXII,XXXIX
LXXXII,XXXVI-II-XXIII,XXXIX
LXXXII,XXXVI-II-XXIV,XXXIX
LXXXII,XXXVI-II-XXV,XXXIX
LXXXII,XXXVI-II-XXVI,XXXIX
LXXXII,XXXVI-II-XXVII,XXXVIII
LXXXIII,XXXVI-II-XXVIII,XXXVIII
LXXXIV,XXXVI-II-XXIX,XXXVIII
LXXXIV,XXXVI-III-I,XXXVIII
LXXXIV,XXXVI-III-II,XXXVIII
LXXXIV,XXXVI-III-III,XXXVIII
LXXXIV,XXXVI-III-IV,XXXVIII
LXXXIII,XXXVI-III-V,XXXVIII
LXXXIII,XXXVI-III-VI,XXXVIII
LXXXIII,XXXVI-III-VII,XXXVIII
LXXXIII,XXXVI-III-VIII,XXXVIII
LXXXIII,XXXVI-III-IX,XXXVII
LXXXIV,XXXVI-III-X,XXXVII
LXXXIV,XXXVI-III-XI,XXXVII
LXXXIV,XXXVI-III-XII,XXXVII
LXXXV,XXXVI-III-XIII,XXXVII
LXXXV,XXXVI-III-XIV,XXXVII
LXXXV,XXXVI-III-XV,XXXVII
LXXXV,XXXVI-III-XVI,XXXVII
LXXXV,XXXVI-III-XVII,XXXVIII
LXXXVI,XXXVI-III-XVIII,XXXVIII
LXXXVII,XXXVI-III-XIX,XXXVIII
LXXXVI,XXXVI-III-XX,XXXVIII
LXXXVI,XXXVI-III-XXI,XXXVII
LXXXVI,XXXVI-III-XXII,XXXVIII
LXXXVI,XXXVI-III-XXIII,XXXVII
LXXXVII,XXXVI-III-XXIV,XXXVII
LXXXVII,XXXVI-III-XXV,XXXVII
LXXXVII,XXXVI-III-XXVI,XXXVIII
LXXXVI,XXXVI-III-XXVII,XXXVIII
LXXXVI,XXXVI-III-XXVIII,XXXVIII
LXXXVI,XXXVI-III-XXIX,XXXVIII
LXXXVI,XXXVI-III-XXX,XXXVIII
LXXXVI,XXXVI-III-XXXI,XXXVIII
LXXXVI,XXXVI-IV-I,XXXVIII
LXXXVI,XXXVI-IV-II,XXXVIII
LXXXVI,XXXVI-IV-III,XXXVIII
LXXXV,XXXVI-IV-IV,XXXVIII
LXXXVI,XXXVI-IV-V,XXXVIII
LXXXVI,XXXVI-IV-VI,XXXVIII
LXXXVI,XXXVI-IV-VII,XXXVIII
LXXXV,XXXVI-IV-VIII,XXXVIII
LXXXV,XXXVI-IV-IX,XXXIX
LXXXV,XXXVI-IV-X,XXXIX
LXXXV,XXXVI-IV-XI,XXXIX
LXXXVI,XXXVI-IV-XII,XXXIX
LXXXV,XXXVI-IV-XIII,XXXIX
LXXXV,XXXVI-IV-XIV,XXXIX
LXXXV,XXXVI-IV-XV,XXXIX
LXXXVI,XXXVI-IV-XVI,XXXIX
LXXXVI,XXXVI-IV-XVII,XXXIX
LXXXVI,XXXVI-IV-XVIII,XXXIX
LXXXVI,XXXVI-IV-XIX,XXXIX
LXXXVI,XXXVI-IV-XX,XXXVIII
LXXXVI,XXXVI-IV-XXI,XXXVIII
LXXXVI,XXXVI-IV-XXII,XXXVIII
LXXXVI,XXXVI-IV-XXIII,XXXVIII
LXXXVI,XXXVI-IV-XXIV,XXXVIII
LXXXVII,XXXVI-IV-XXV,XXXVIII
LXXXVII,XXXVI-IV-XXVI,XXXVIII
LXXXVII,XXXVI-IV-XXVII,XXXVIII
LXXXVII,XXXVI-IV-XXVIII,XXXVIII
LXXXVI,XXXVI-IV-XXIX,XXXVIII
LXXXVI,XXXVI-IV-XXX,XXXVIII
LXXXVI,XXXVI-V-I,XXXVIII
LXXXVI,XXXVI-V-II,XXXVIII
LXXXVII,XXXVI-V-III,XXXVII
LXXXVIII,XXXVI-V-IV,XXXVII
LXXXVIII,XXXVI-V-V,XXXVIII
LXXXIX,XXXVI-V-VI,XXXVIII
LXXXVIII,XXXVI-V-VII,XXXVII
LXXXVIII,XXXVI-V-VIII,XXXVII
LXXXVIII,XXXVI-V-IX,XXXVII
LXXXIX,XXXVI-V-X,XXXVIII
LXXXIX,XXXVI-V-XI,XXXVIII
LXXXIX,XXXVI-V-XII,XXXVIII
LXXXIX,XXXVI-V-XIII,XXXVIII
LXXXIX,XXXVI-V-XIV,XXXVIII
LXXXIX,XXXVI-V-XV,XXXIX
LXXXIX,XXXVI-V-XVI,XXXIX
LXXXIX,XXXVI-V-XVII,XXXIX
LXXXIX,XXXVI-V-XVIII,XXXIX
XC,XXXVI-V-XIX,XXXIX
XC,XXXVI-V-XX,XL
XC,XXXVI-V-XXI,XXXIX
XCI,XXXVI-V-XXII,XXXIX
XCI,XXXVI-V-XXIII,XXXVIII
XCI,XXXVI-V-XXIV,XXXIX
XCI,XXXVI-V-XXV,XXXIX
XCII,XXXVI-V-XXVI,XXXIX
XCIII,XXXVI-V-XXVII,XL
XCIII,XXXVI-V-XXVIII,XL
XCIV,XXXVI-V-XXIX,XL
XCIV,XXXVI-V-XXX,XL
XCIV,XXXVI-V-XXXI,XL
XCIV,XXXVI-VI-I,XLI
XCIV,XXXVI-VI-II,XLI
XCV,XXXVI-VI-III,XLI
XCV,XXXVI-VI-IV,XLI
XCV,XXXVI-VI-V,XLI
XCV,XXXVI-VI-VI,XLI
XCV,XXXVI-VI-VII,XLI
XCVI,XXXVI-VI-VIII,XLI
XCVII,XXXVI-VI-IX,XLI
XCVIII,XXXVI-VI-X,XLI
XCVIII,XXXVI-VI-XI,XLII
XCVIII,XXXVI-VI-XII,XLI
XCVIII,XXXVI-VI-XIII,XLI
XCVIII,XXXVI-VI-XIV,XLI
XCVIII,XXXVI-VI-XV,XLI
XCVII,XXXVI-VI-XVI,XLII
XCVIII,XXXVI-VI-XVII,XLII
XCVIII,XXXVI-VI-XVIII,XLII
XCVIII,XXXVI-VI-XIX,XLII
XCVII,XXXVI-VI-XX,XLII
XCVII,XXXVI-VI-XXI,XLII
XCVI,XXXVI-VI-XXII,XLII
XCVII,XXXVI-VI-XXIII,XLII
XCVI,XXXVI-VI-XXIV,XLII
XCVI,XXXVI-VI-XXV,XLII
XCV,XXXVI-VI-XXVI,XLII
XCVI,XXXVI-VI-XXVII,XLII
XCVI,XXXVI-VI-XXVIII,XLII
XCVI,XXXVI-VI-XXIX,XLII
XCV,XXXVI-VI-XXX,XLII
XCIV,XXXVI-VII-I,XLI
XCV,XXXVI-VII-II,XLI
XCV,XXXVI-VII-III,XLI
XCV,XXXVI-VII-IV,XLI
XCVI,XXXVI-VII-V,XLI
XCVI,XXXVI-VII-VI,XLI
XCVI,XXXVI-VII-VII,XLI
XCVI,XXXVI-VII-VIII,XLII
XCVI,XXXVI-VII-IX,XLII
XCVI,XXXVI-VII-X,XLI
XCV,XXXVI-VII-XI,XLI
XCVI,XXXVI-VII-XII,XLI
XCV,XXXVI-VII-XIII,XLI
XCVI,XXXVI-VII-XIV,XLII
XCVI,XXXVI-VII-XV,XLII
XCVII,XXXVI-VII-XVI,XLII
XCVI,XXXVI-VII-XVII,XLII
XCVI,XXXVI-VII-XVIII,XLI
XCVII,XXXVI-VII-XIX,XLII
XCVII,XXXVI-VII-XX,XLII
XCVI,XXXVI-VII-XXI,XLI
XCVI,XXXVI-VII-XXII,XLI
XCV,XXXVI-VII-XXIII,XLI
XCV,XXXVI-VII-XXIV,XLI
XCVI,XXXVI-VII-XXV,XLI
XCVI,XXXVI-VII-XXVI,XLI
XCVI,XXXVI-VII-XXVII,XLI
XCVI,XXXVI-VII-XXVIII,XLI
XCVII,XXXVI-VII-XXIX,XLII
XCVII,XXXVI-VII-XXX,XLI
XCVII,XXXVI-VII-XXXI,XLI
XCVI,XXXVI-VIII-I,XLI
XCVI,XXXVI-VIII-II,XLI
XCVII,XXXVI-VIII-III,XLI
XCVIII,XXXVI-VIII-IV,XLI
XCVIII,XXXVI-VIII-V,XLI
XCVIII,XXXVI-VIII-VI,XL
XCVIII,XXXVI-VIII-VII,XL
XCIX,XXXVI-VIII-VIII,XL
C,XXXVI-VIII-IX,XL
CI,XXXVI-VIII-X,XL
C,XXXVI-VIII-XI,XL
XCIX,XXXVI-VIII-XII,XLI
C,XXXVI-VIII-XIII,XL
C,XXXVI-VIII-XIV,XL
C,XXXVI-VIII-XV,XL
CI,XXXVI-VIII-XVI,XL
CI,XXXVI-VIII-XVII,XL
C,XXXVI-VIII-XVIII,XL
CI,XXXVI-VIII-XIX,XL
CI,XXXVI-VIII-XX,XXXIX
CI,XXXVI-VIII-XXI,XXXIX
CI,XXXVI-VIII-XXII,XXXIX
CI,XXXVI-VIII-XXIII,XXXIX
CII,XXXVI-VIII-XXIV,XL
CI,XXXVI-VIII-XXV,XL
CI,XXXVI-VIII-XXVI,XXXIX
CI,XXXVI-VIII-XXVII,XXXIX
CI,XXXVI-VIII-XXVIII,XXXIX
CI,XXXVI-VIII-XXIX,XL
CI,XXXVI-VIII-XXX,XL
C,XXXVI-VIII-XXXI,XXXIX
C,XXXVI-IX-I,XXXIX
CI,XXXVI-IX-II,XL
C,XXXVI-IX-III,XXXIX
XCIX,XXXVI-IX-IV,XXXIX
XCIX,XXXVI-IX-V,XXXIX
XCIX,XXXVI-IX-VI,XL
C,XXXVI-IX-VII,XL
XCIX,XXXVI-IX-VIII,XXXIX
XCIX,XXXVI-IX-IX,XL
XCIX,XXXVI-IX-X,XL
XCVIII,XXXVI-IX-XI,XLI
XCVIII,XXXVI-IX-XII,XL
XCVIII,XXXVI-IX-XIII,XL
XCVII,XXXVI-IX-XIV,XL
XCVI,XXXVI-IX-XV,XL
XCVI,XXXVI-IX-XVI,XL
XCVI,XXXVI-IX-XVII,XL
XCVI,XXXVI-IX-XVIII,XL
XCVI,XXXVI-IX-XIX,XL
XCVI,XXXVI-IX-XX,XXXIX
XCVI,XXXVI-IX-XXI,XXXIX
XCVII,XXXVI-IX-XXII,XXXIX
XCVI,XXXVI-IX-XXIII,XXXIX
XCVII,XXXVI-IX-XXIV,XXXIX
XCVI,XXXVI-IX-XXV,XXXIX
XCVI,XXXVI-IX-XXVI,XXXIX
XCVII,XXXVI-IX-XXVII,XXXIX
XCVII,XXXVI-IX-XXVIII,XXXIX
XCVIII,XXXVI-IX-XXIX,XXXIX
XCVIII,XXXVI-IX-XXX,XXXIX
XCVII,XXXVI-X-I,XXXIX
XCVI,XXXVI-X-II,XXXVIII
XCVI,XXXVI-X-III,XXXVIII
XCV,XXXVI-X-IV,XXXIX
XCVI,XXXVI-X-V,XXXVIII
XCVI,XXXVI-X-VI,XXXVIII
XCVI,XXXVI-X-VII,XXXIX
XCVII,XXXVI-X-VIII,XXXVIII
XCVI,XXXVI-X-IX,XXXIX
XCVI,XXXVI-X-X,XXXVIII
XCVI,XXXVI-X-XI,XXXVIII
XCV,XXXVI-X-XII,XXXVIII
XCVI,XXXVI-X-XIII,XXXVIII
XCVI,XXXVI-X-XIV,XXXVIII
XCVI,XXXVI-X-XV,XXXVIII
XCV,XXXVI-X-XVI,XXXVIII
XCVI,XXXVI-X-XVII,XXXVIII
XCVI,XXXVI-X-XVIII,XXXVIII
XCVI,XXXVI-X-XIX,XXXVIII
XCVI,XXXVI-X-XX,XXXVIII
XCV,XXXVI-X-XXI,XXXVIII
XCIV,XXXVI-X-XXII,XXXVIII
XCIV,XXXVI-X-XXIII,XXXVIII
XCIV,XXXVI-X-XXIV,XXXVIII
XCIV,XXXVI-X-XXV,XXXIX
XCIV,XXXVI-X-XXVI,XXXIX
XCV,XXXVI-X-XXVII,XXXIX
XCIV,XXXVI-X-XXVIII,XXXVIII
XCIV,XXXVI-X-XXIX,XXXVIII
XCIV,XXXVI-X-XXX,XXXVIII
XCV,XXXVI-X-XXXI,XXXVIII
XCIV,XXXVI-XI-I,XXXVIII
XCV,XXXVI-XI-II,XXXVIII
XCIV,XXXVI-XI-III,XXXVIII
XCV,XXXVI-XI-IV,XXXVIII
XCIV,XXXVI-XI-V,XXXVIII
XCV,XXXVI-XI-VI,XXXIX
XCIV,XXXVI-XI-VII,XXXIX
XCIV,XXXVI-XI-VIII,XXXIX
XCV,XXXVI-XI-IX,XXXIX
XCIV,XXXVI-XI-X,XXXIX
XCIII,XXXVI-XI-XI,XXXVIII
XCIV,XXXVI-XI-XII,XXXIX
XCV,XXXVI-XI-XIII,XXXIX
XCV,XXXVI-XI-XIV,XXXIX
XCV,XXXVI-XI-XV,XXXIX
XCVI,XXXVI-XI-XVI,XXXIX
XCV,XXXVI-XI-XVII,XXXIX
XCIV,XXXVI-XI-XVIII,XL
XCV,XXXVI-XI-XIX,XXXIX
XCVI,XXXVI-XI-XX,XXXIX
XCVII,XXXVI-XI-XXI,XXXIX
XCVII,XXXVI-XI-XXII,XXXIX
XCVII,XXXVI-XI-XXIII,XXXIX
XCVII,XXXVI-XI-XXIV,XXXIX
XCVIII,XXXVI-XI-XXV,XXXIX
XCVIII,XXXVI-XI-XXVI,XXXIX
XCVII,XXXVI-XI-XXVII,XXXIX
XCVII,XXXVI-XI-XXVIII,XXXIX
XCVII,XXXVI-XI-XXIX,XXXIX
XCVIII,XXXVI-XI-XXX,XXXIX
XCVIII,XXXVI-XII-I,XXXVIII
XCIX,XXXVI-XII-II,XXXVIII
XCIX,XXXVI-XII-III,XXXIX
XCIX,XXXVI-XII-IV,XXXIX
XCIX,XXXVI-XII-V,XXXVIII
XCVIII,XXXVI-XII-VI,XXXIX
XCIX,XXXVI-XII-VII,XXXIX
XCIX,XXXVI-XII-VIII,XXXIX
XCIX,XXXVI-XII-IX,XXXIX
XCVIII,XXXVI-XII-X,XXXIX
XCIX,XXXVI-XII-XI,XXXIX
C,XXXVI-XII-XII,XXXIX
XCIX,XXXVI-XII-XIII,XXXIX
C,XXXVI-XII-XIV,XL
C,XXXVI-XII-XV,XL
CI,XXXVI-XII-XVI,XL
CI,XXXVI-XII-XVII,XL
CII,XXXVI-XII-XVIII,XL
CII,XXXVI-XII-XIX,XL
CIII,XXXVI-XII-XX,XXXIX
CIII,XXXVI-XII-XXI,XL
CIII,XXXVI-XII-XXII,XXXIX
CIII,XXXVI-XII-XXIII,XL
CIII,XXXVI-XII-XXIV,XXXIX
CIII,XXXVI-XII-XXV,XL
CIV,XXXVI-XII-XXVI,XL
CIV,XXXVI-XII-XXVII,XL
CIV,XXXVI-XII-XXVIII,XL
CV,XXXVI-XII-XXIX,XL
CIV,XXXVI-XII-XXX,XL
CIV,XXXVI-XII-XXXI,XL
CIII,XXXVII-I-I,XXXIX
CIII,XXXVII-I-II,XXXIX
CIII,XXXVII-I-III,XXXVIII
CII,XXXVII-I-IV,XXXIX
CIII,XXXVII-I-V,XXXIX
CIII,XXXVII-I-VI,XL
CIII,XXXVII-I-VII,XL
CIII,XXXVII-I-VIII,XL
CII,XXXVII-I-IX,XL
CII,XXXVII-I-X,XL
CII,XXXVII-I-XI,XL
CIII,XXXVII-I-XII,XLI
CII,XXXVII-I-XIII,XLI
CI,XXXVII-I-XIV,XL
C,XXXVII-I-XV,XLI
CI,XXXVII-I-XVI,XLI
C,XXXVII-I-XVII,XLI
CI,XXXVII-I-XVIII,XLI
C,XXXVII-I-XIX,XL
C,XXXVII-I-XX,XLI
XCIX,XXXVII-I-XXI,XLI
XCIX,XXXVII-I-XXII,XLI
XCIX,XXXVII-I-XXIII,XLI
XCIX,XXXVII-I-XXIV,XL
XCVIII,XXXVII-I-XXV,XL
XCIX,XXXVII-I-XXVI,XL
XCIX,XXXVII-I-XXVII,XL
XCVIII,XXXVII-I-XXVIII,XL
XCVIII,XXXVII-I-XXIX,XL
XCVIII,XXXVII-I-XXX,XL
XCVIII,XXXVII-I-XXXI,XLI
XCVIII,XXXVII-II-I,XLI
XCVII,XXXVII-II-II,XL
XCVII,XXXVII-II-III,XL
XCVII,XXXVII-II-IV,XL
XCVII,XXXVII-II-V,XLI
XCVIII,XXXVII-II-VI,XLI
XCVIII,XXXVII-II-VII,XLI
XCVIII,XXXVII-II-VIII,XLI
XCVIII,XXXVII-II-IX,XLI
XCIX,XXXVII-II-X,XL
XCVIII,XXXVII-II-XI,XLI
XCVIII,XXXVII-II-XII,XL
XCVIII,XXXVII-II-XIII,XL
XCVIII,XXXVII-II-XIV,XL
XCVIII,XXXVII-II-XV,XL
XCVIII,XXXVII-II-XVI,XL
XCVII,XXXVII-II-XVII,XL
XCVI,XXXVII-II-XVIII,XL
XCVI,XXXVII-II-XIX,XL
XCVI,XXXVII-II-XX,XL
XCVI,XXXVII-II-XXI,XL
XCVI,XXXVII-II-XXII,XL
XCVII,XXXVII-II-XXIII,XL
XCVII,XXXVII-II-XXIV,XXXIX
XCVII,XXXVII-II-XXV,XXXIX
XCVII,XXXVII-II-XXVI,XXXIX
XCVI,XXXVII-II-XXVII,XXXIX
XCV,XXXVII-II-XXVIII,XL
XCVI,XXXVII-III-I,XL
XCVI,XXXVII-III-II,XL
XCV,XXXVII-III-III,XL
XCIV,XXXVII-III-IV,XL
XCV,XXXVII-III-V,XL
XCV,XXXVII-III-VI,XL
XCV,XXXVII-III-VII,XL
XCV,XXXVII-III-VIII,XL
XCIV,XXXVII-III-IX,XLI
XCIV,XXXVII-III-X,XLI
XCIV,XXXVII-III-XI,XLI
XCV,XXXVII-III-XII,XLI
XCV,XXXVII-III-XIII,XLI
XCV,XXXVII-III-XIV,XLI
XCIV,XXXVII-III-XV,XLI
XCV,XXXVII-III-XVI,XL
XCVI,XXXVII-III-XVII,XLI
XCVI,XXXVII-III-XVIII,XL
XCVI,XXXVII-III-XIX,XL
XCVI,XXXVII-III-XX,XL
XCVI,XXXVII-III-XXI,XLI
XCV,XXXVII-III-XXII,XL
XCV,XXXVII-III-XXIII,XL
XCVI,XXXVII-III-XXIV,XL
XCV,XXXVII-III-XXV,XL
XCV,XXXVII-III-XXVI,XL
XCV,XXXVII-III-XXVII,XL
XCV,XXXVII-III-XXVIII,XL
XCV,XXXVII-III-XXIX,XL
XCV,XXXVII-III-XXX,XL
XCIV,XXXVII-III-XXXI,XL
XCV,XXXVII-IV-I,XL
XCV,XXXVII-IV-II,XL
XCV,XXXVII-IV-III,XL
XCIV,XXXVII-IV-IV,XXXIX
XCV,XXXVII-IV-V,XXXIX
XCIV,XXXVII-IV-VI,XXXIX
XCIV,XXXVII-IV-VII,XXXIX
XCIII,XXXVII-IV-VIII,XXXIX
XCII,XXXVII-IV-IX,XXXIX
XCII,XXXVII-IV-X,XXXIX
XCII,XXXVII-IV-XI,XXXIX
XCII,XXXVII-IV-XII,XXXIX
XCII,XXXVII-IV-XIII,XXXIX
XCIII,XXXVII-IV-XIV,XXXIX
XCIII,XXXVII-IV-XV,XXXIX
XCIII,XXXVII-IV-XVI,XXXVIII
XCIII,XXXVII-IV-XVII,XXXIX
XCIII,XXXVII-IV-XVIII,XXXIX
XCIII,XXXVII-IV-XIX,XXXIX
XCIII,XXXVII-IV-XX,XXXIX
XCIII,XXXVII-IV-XXI,XXXIX
XCIV,XXXVII-IV-XXII,XXXIX
XCIII,XXXVII-IV-XXIII,XXXIX
XCIII,XXXVII-IV-XXIV,XXXIX
XCIII,XXXVII-IV-XXV,XXXIX
XCIII,XXXVII-IV-XXVI,XXXVIII
XCIV,XXXVII-IV-XXVII,XXXIX
XCIV,XXXVII-IV-XXVIII,XXXIX
XCV,XXXVII-IV-XXIX,XXXIX
XCVI,XXXVII-IV-XXX,XXXVIII
XCVI,XXXVII-V-I,XXXVIII
XCVI,XXXVII-V-II,XXXVIII
XCVI,XXXVII-V-III,XXXVIII
XCVI,XXXVII-V-IV,XXXVIII
XCVI,XXXVII-V-V,XXXVIII
XCVI,XXXVII-V-VI,XXXVIII
XCVII,XXXVII-V-VII,XXXIX
XCVII,XXXVII-V-VIII,XXXVIII
XCVIII,XXXVII-V-IX,XXXVIII
XCVII,XXXVII-V-X,XXXVIII
XCVI,XXXVII-V-XI,XXXVIII
XCVI,XXXVII-V-XII,XXXVIII
XCVII,XXXVII-V-XIII,XXXVIII
XCVIII,XXXVII-V-XIV,XXXVIII
XCVII,XXXVII-V-XV,XXXVII
XCVII,XXXVII-V-XVI,XXXVIII
XCVIII,XXXVII-V-XVII,XXXVIII
XCIX,XXXVII-V-XVIII,XXXVIII
XCVIII,XXXVII-V-XIX,XXXVIII
XCVIII,XXXVII-V-XX,XXXVIII
XCVIII,XXXVII-V-XXI,XXXVIII
XCIX,XXXVII-V-XXII,XXXVIII
XCVIII,XXXVII-V-XXIII,XXXVIII
XCIX,XXXVII-V-XXIV,XXXVII
XCIX,XXXVII-V-XXV,XXXVII
XCIX,XXXVII-V-XXVI,XXXVIII
XCIX,XXXVII-V-XXVII,XXXVIII
XCIX,XXXVII-V-XXVIII,XXXVIII
XCIX,XXXVII-V-XXIX,XXXVIII
XCIX,XXXVII-V-XXX,XXXVIII
XCVIII,XXXVII-V-XXXI,XXXVIII
XCVIII,XXXVII-VI-I,XXXVIII
XCVIII,XXXVII-VI-II,XXXVIII
XCIX,XXXVII-VI-III,XXXVIII
C,XXXVII-VI-IV,XXXVIII
CI,XXXVII-VI-V,XXXVIII
CI,XXXVII-VI-VI,XXXVIII
CI,XXXVII-VI-VII,XXXVIII
C,XXXVII-VI-VIII,XXXIX
C,XXXVII-VI-IX,XXXIX
C,XXXVII-VI-X,XXXIX
C,XXXVII-VI-XI,XXXVIII
XCIX,XXXVII-VI-XII,XXXIX
XCIX,XXXVII-VI-XIII,XXXIX
XCIX,XXXVII-VI-XIV,XXXIX
C,XXXVII-VI-XV,XXXVIII
C,XXXVII-VI-XVI,XXXVIII
C,XXXVII-VI-XVII,XXXVIII
CI,XXXVII-VI-XVIII,XXXVIII
CI,XXXVII-VI-XIX,XXXVIII
C,XXXVII-VI-XX,XXXVIII
CI,XXXVII-VI-XXI,XXXIX
CI,XXXVII-VI-XXII,XXXVIII
CII,XXXVII-VI-XXIII,XXXVIII
CII,XXXVII-VI-XXIV,XXXVIII
CI,XXXVII-VI-XXV,XXXVIII
CI,XXXVII-VI-XXVI,XXXVIII
CI,XXXVII-VI-XXVII,XXXVIII
CI,XXXVII-VI-XXVIII,XXXVIII
CI,XXXVII-VI-XXIX,XXXVIII
CI,XXXVII-VI-XXX,XXXVII
CII,XXXVII-VII-I,XXXVIII
CI,XXXVII-VII-II,XXXVIII
CI,XXXVII-VII-III,XXXVIII
C,XXXVII-VII-IV,XXXVIII
XCIX,XXXVII-VII-V,XXXVII
C,XXXVII-VII-VI,XXXVII
C,XXXVII-VII-VII,XXXVII
XCIX,XXXVII-VII-VIII,XXXVII
C,XXXVII-VII-IX,XXXVIII
C,XXXVII-VII-X,XXXVIII
CI,XXXVII-VII-XI,XXXVII
CI,XXXVII-VII-XII,XXXVIII
CI,XXXVII-VII-XIII,XXXVIII
C,XXXVII-VII-XIV,XXXVIII
C,XXXVII-VII-XV,XXXVIII
C,XXXVII-VII-XVI,XXXVIII
C,XXXVII-VII-XVII,XXXVIII
C,XXXVII-VII-XVIII,XXXVIII
XCIX,XXXVII-VII-XIX,XXXVIII
C,XXXVII-VII-XX,XXXVIII
C,XXXVII-VII-XXI,XXXVIII
XCIX,XXXVII-VII-XXII,XXXVIII
C,XXXVII-VII-XXIII,XXXVIII
C,XXXVII-VII-XXIV,XXXVIII
XCIX,XXXVII-VII-XXV,XXXVIII
XCIX,XXXVII-VII-XXVI,XXXVIII
XCIX,XXXVII-VII-XXVII,XXXVIII
C,XXXVII-VII-XXVIII,XXXVIII
CI,XXXVII-VII-XXIX,XXXVIII
CI,XXXVII-VII-XXX,XXXVIII
CI,XXXVII-VII-XXXI,XXXVIII
CI,XXXVII-VIII-I,XXXVIII
C,XXXVII-VIII-II,XXXVIII
C,XXXVII-VIII-III,XXXVIII
C,XXXVII-VIII-IV,XXXVIII
CI,XXXVII-VIII-V,XXXVIII
CI,XXXVII-VIII-VI,XXXVIII
C,XXXVII-VIII-VII,XXXVIII
C,XXXVII-VIII-VIII,XXXVIII
XCIX,XXXVII-VIII-IX,XXXVIII
XCVIII,XXXVII-VIII-X,XXXVIII
XCIX,XXXVII-VIII-XI,XXXVIII
XCVIII,XXXVII-VIII-XII,XXXVIII
XCIX,XXXVII-VIII-XIII,XXXVIII
XCVIII,XXXVII-VIII-XIV,XXXVIII
XCVII,XXXVII-VIII-XV,XXXVIII
XCVIII,XXXVII-VIII-XVI,XXXVIII
XCVIII,XXXVII-VIII-XVII,XXXVIII
XCVIII,XXXVII-VIII-XVIII,XXXVIII
XCVIII,XXXVII-VIII-XIX,XXXVIII
XCVII,XXXVII-VIII-XX,XXXVIII
XCVI,XXXVII-VIII-XXI,XXXIX
XCVI,XXXVII-VIII-XXII,XXXIX
XCVI,XXXVII-VIII-XXIII,XXXIX
XCVI,XXXVII-VIII-XXIV,XXXIX
XCVI,XXXVII-VIII-XXV,XXXIX
XCVI,XXXVII-VIII-XXVI,XXXIX
XCVII,XXXVII-VIII-XXVII,XXXIX
XCVIII,XXXVII-VIII-XXVIII,XL
XCVIII,XXXVII-VIII-XXIX,XXXIX
XCVII,XXXVII-VIII-XXX,XXXIX
XCVII,XXXVII-VIII-XXXI,XXXIX
XCVII,XXXVII-IX-I,XXXIX
XCVI,XXXVII-IX-II,XXXVIII
XCV,XXXVII-IX-III,XXXIX
XCVI,XXXVII-IX-IV,XXXIX
XCVI,XXXVII-IX-V,XXXVIII
XCVII,XXXVII-IX-VI,XXXIX
XCVI,XXXVII-IX-VII,XXXIX
XCV,XXXVII-IX-VIII,XXXIX
XCV,XXXVII-IX-IX,XXXVIII
XCV,XXXVII-IX-X,XXXVIII
XCIV,XXXVII-IX-XI,XXXVIII
XCV,XXXVII-IX-XII,XXXVIII
XCV,XXXVII-IX-XIII,XXXVII
XCVI,XXXVII-IX-XIV,XXXVII
XCVI,XXXVII-IX-XV,XXXVII
XCV,XXXVII-IX-XVI,XXXVII
XCV,XXXVII-IX-XVII,XXXVII
XCVI,XXXVII-IX-XVIII,XXXVII
XCVI,XXXVII-IX-XIX,XXXVII
XCVI,XXXVII-IX-XX,XXXVII
XCVI,XXXVII-IX-XXI,XXXVII
XCVII,XXXVII-IX-XXII,XXXVII
XCVI,XXXVII-IX-XXIII,XXXVII
XCVI,XXXVII-IX-XXIV,XXXVII
XCV,XXXVII-IX-XXV,XXXVI
XCVI,XXXVII-IX-XXVI,XXXVI
XCV,XXXVII-IX-XXVII,XXXVI
XCVI,XXXVII-IX-XXVIII,XXXVI
XCV,XXXVII-IX-XXIX,XXXVI
XCV,XXXVII-IX-XXX,XXXVI
XCIV,XXXVII-X-I,XXXVI
XCV,XXXVII-X-II,XXXVI
XCV,XXXVII-X-III,XXXVI
XCIV,XXXVII-X-IV,XXXVI
XCIV,XXXVII-X-V,XXXVI
XCIV,XXXVII-X-VI,XXXVI
XCIV,XXXVII-X-VII,XXXVI
XCIV,XXXVII-X-VIII,XXXVI
XCIII,XXXVII-X-IX,XXXVI
XCIII,XXXVII-X-X,XXXVI
XCIV,XXXVII-X-XI,XXXVI
XCIV,XXXVII-X-XII,XXXVI
XCV,XXXVII-X-XIII,XXXVI
XCIV,XXXVII-X-XIV,XXXVI
XCV,XXXVII-X-XV,XXXVI
XCV,XXXVII-X-XVI,XXXVI
XCIV,XXXVII-X-XVII,XXXVI
XCV,XXXVII-X-XVIII,XXXVI
XCVI,XXXVII-X-XIX,XXXVI
XCVI,XXXVII-X-XX,XXXVI
XCVII,XXXVII-X-XXI,XXXVI
XCVII,XXXVII-X-XXII,XXXVI
XCVI,XXXVII-X-XXIII,XXXVI
XCVI,XXXVII-X-XXIV,XXXV
XCVII,XXXVII-X-XXV,XXXV
XCVII,XXXVII-X-XXVI,XXXV
XCVIII,XXXVII-X-XXVII,XXXV
XCVII,XXXVII-X-XXVIII,XXXVI
XCVII,XXXVII-X-XXIX,XXXVI
XCVII,XXXVII-X-XXX,XXXVI
XCVI,XXXVII-X-XXXI,XXXV
XCVI,XXXVII-XI-I,XXXV
XCVII,XXXVII-XI-II,XXXV
XCVIII,XXXVII-XI-III,XXXV
XCVII,XXXVII-XI-IV,XXXV
XCVII,XXXVII-XI-V,XXXV
XCVIII,XXXVII-XI-VI,XXXIV
XCVII,XXXVII-XI-VII,XXXIV
XCVI,XXXVII-XI-VIII,XXXIV
XCVI,XXXVII-XI-IX,XXXIV
XCVII,XXXVII-XI-X,XXXIV
XCVIII,XXXVII-XI-XI,XXXIII
XCVII,XXXVII-XI-XII,XXXIII
XCVIII,XXXVII-XI-XIII,XXXIII
XCVII,XXXVII-XI-XIV,XXXIII
XCVIII,XXXVII-XI-XV,XXXIII
XCVII,XXXVII-XI-XVI,XXXIII
XCVIII,XXXVII-XI-XVII,XXXIII
XCVIII,XXXVII-XI-XVIII,XXXIII
XCVIII,XXXVII-XI-XIX,XXXIII
XCVIII,XXXVII-XI-XX,XXXIII
XCIX,XXXVII-XI-XXI,XXXIV
XCIX,XXXVII-XI-XXII,XXXIV
XCIX,XXXVII-XI-XXIII,XXXIII
XCIX,XXXVII-XI-XXIV,XXXIII
XCVIII,XXXVII-XI-XXV,XXXIII
XCIX,XXXVII-XI-XXVI,XXXIII
C,XXXVII-XI-XXVII,XXXIII
XCIX,XXXVII-XI-XXVIII,XXXIV
C,XXXVII-XI-XXIX,XXXIII
C,XXXVII-XI-XXX,XXXIII
CI,XXXVII-XII-I,XXXIII
CI,XXXVII-XII-II,XXXIV
CI,XXXVII-XII-III,XXXIII
CI,XXXVII-XII-IV,XXXIII
CI,XXXVII-XII-V,XXXIII
CI,XXXVII-XII-VI,XXXIV
CI,XXXVII-XII-VII,XXXIV
CI,XXXVII-XII-VIII,XXXIV
CI,XXXVII-XII-IX,XXXIV
C,XXXVII-XII-X,XXXIV
XCIX,XXXVII-XII-XI,XXXIV
XCIX,XXXVII-XII-XII,XXXIV
C,XXXVII-XII-XIII,XXXIV
C,XXXVII-XII-XIV,XXXIV
C,XXXVII-XII-XV,XXXIV
XCIX,XXXVII-XII-XVI,XXXIV
XCIX,XXXVII-XII-XVII,XXXIII
XCIX,XXXVII-XII-XVIII,XXXIII
XCIX,XXXVII-XII-XIX,XXXIII
XCIX,XXXVII-XII-XX,XXXIII
XCVIII,XXXVII-XII-XXI,XXXIII
XCVIII,XXXVII-XII-XXII,XXXIII
XCIX,XXXVII-XII-XXIII,XXXIII
XCVIII,XXXVII-XII-XXIV,XXXII
XCVIII,XXXVII-XII-XXV,XXXII
XCVIII,XXXVII-XII-XXVI,XXXIII
XCVIII,XXXVII-XII-XXVII,XXXII
XCVIII,XXXVII-XII-XXVIII,XXXII
XCVIII,XXXVII-XII-XXIX,XXXII
XCVIII,XXXVII-XII-XXX,XXXII
XCVIII,XXXVII-XII-XXXI,XXXII
XCVIII,XXXVIII-I-I,XXXII
XCIX,XXXVIII-I-II,XXXII
XCIX,XXXVIII-I-III,XXXII
C,XXXVIII-I-IV,XXXII
C,XXXVIII-I-V,XXXII
C,XXXVIII-I-VI,XXXII
CI,XXXVIII-I-VII,XXXII
CI,XXXVIII-I-VIII,XXXII
CI,XXXVIII-I-IX,XXXIII
CII,XXXVIII-I-X,XXXII
CI,XXXVIII-I-XI,XXXII
CI,XXXVIII-I-XII,XXXII
CI,XXXVIII-I-XIII,XXXII
CII,XXXVIII-I-XIV,XXXII
CI,XXXVIII-I-XV,XXXII
C,XXXVIII-I-XVI,XXXII
C,XXXVIII-I-XVII,XXXII
XCIX,XXXVIII-I-XVIII,XXXII
C,XXXVIII-I-XIX,XXXII
C,XXXVIII-I-XX,XXXII
CI,XXXVIII-I-XXI,XXXII
CI,XXXVIII-I-XXII,XXXII
C,XXXVIII-I-XXIII,XXXII
C,XXXVIII-I-XXIV,XXXII
CI,XXXVIII-I-XXV,XXXII
CII,XXXVIII-I-XXVI,XXXIII
CII,XXXVIII-I-XXVII,XXXIII
CII,XXXVIII-I-XXVIII,XXXIII
CII,XXXVIII-I-XXIX,XXXIII
CI,XXXVIII-I-XXX,XXXII
CII,XXXVIII-I-XXXI,XXXII
CII,XXXVIII-II-I,XXXII
CII,XXXVIII-II-II,XXXI
CI,XXXVIII-II-III,XXXI
CII,XXXVIII-II-IV,XXXI
CI,XXXVIII-II-V,XXXI
CI,XXXVIII-II-VI,XXXI
CII,XXXVIII-II-VII,XXXI
CIII,XXXVIII-II-VIII,XXXI
CII,XXXVIII-II-IX,XXXI
CI,XXXVIII-II-X,XXXI
CII,XXXVIII-II-XI,XXXI
CII,XXXVIII-II-XII,XXXI
CII,XXXVIII-II-XIII,XXXI
CII,XXXVIII-II-XIV,XXXI
CII,XXXVIII-II-XV,XXXI
CIII,XXXVIII-II-XVI,XXXI
CIII,XXXVIII-II-XVII,XXXI
CIII,XXXVIII-II-XVIII,XXX
CIII,XXXVIII-II-XIX,XXX
CIII,XXXVIII-II-XX,XXXI
CII,XXXVIII-II-XXI,XXX
CIII,XXXVIII-II-XXII,XXX
CII,XXXVIII-II-XXIII,XXX
CI,XXXVIII-II-XXIV,XXX
CII,XXXVIII-II-XXV,XXX
CI,XXXVIII-II-XXVI,XXX
C,XXXVIII-II-XXVII,XXX
CI,XXXVIII-II-XXVIII,XXX
CI,XXXVIII-III-I,XXX
CII,XXXVIII-III-II,XXX
CII,XXXVIII-III-III,XXX
CII,XXXVIII-III-IV,XXX
CI,XXXVIII-III-V,XXX
CI,XXXVIII-III-VI,XXX
C,XXXVIII-III-VII,XXX
C,XXXVIII-III-VIII,XXX
XCIX,XXXVIII-III-IX,XXX
C,XXXVIII-III-X,XXX
XCIX,XXXVIII-III-XI,XXX
XCIX,XXXVIII-III-XII,XXXI
XCVIII,XXXVIII-III-XIII,XXX
XCVIII,XXXVIII-III-XIV,XXXI
XCIX,XXXVIII-III-XV,XXX
XCIX,XXXVIII-III-XVI,XXX
C,XXXVIII-III-XVII,XXXI
CI,XXXVIII-III-XVIII,XXXI
CII,XXXVIII-III-XIX,XXXI
CI,XXXVIII-III-XX,XXXI
CI,XXXVIII-III-XXI,XXXI
CI,XXXVIII-III-XXII,XXXI
CI,XXXVIII-III-XXIII,XXXI
CI,XXXVIII-III-XXIV,XXX
C,XXXVIII-III-XXV,XXX
XCIX,XXXVIII-III-XXVI,XXX
C,XXXVIII-III-XXVII,XXX
C,XXXVIII-III-XXVIII,XXX
C,XXXVIII-III-XXIX,XXX
C,XXXVIII-III-XXX,XXIX
C,XXXVIII-III-XXXI,XXIX
C,XXXVIII-IV-I,XXIX
C,XXXVIII-IV-II,XXIX
XCIX,XXXVIII-IV-III,XXIX
XCIX,XXXVIII-IV-IV,XXIX
XCIX,XXXVIII-IV-V,XXIX
XCIX,XXXVIII-IV-VI,XXIX
XCIX,XXXVIII-IV-VII,XXX
XCIX,XXXVIII-IV-VIII,XXX
C,XXXVIII-IV-IX,XXX
C,XXXVIII-IV-X,XXX
CI,XXXVIII-IV-XI,XXXI
C,XXXVIII-IV-XII,XXXI
CI,XXXVIII-IV-XIII,XXXI
C,XXXVIII-IV-XIV,XXX
C,XXXVIII-IV-XV,XXX
XCIX,XXXVIII-IV-XVI,XXX
XCIX,XXXVIII-IV-XVII,XXX
XCVIII,XXXVIII-IV-XVIII,XXX
XCVII,XXXVIII-IV-XIX,XXX
XCVI,XXXVIII-IV-XX,XXX
XCVII,XXXVIII-IV-XXI,XXX
XCVII,XXXVIII-IV-XXII,XXXI
XCVI,XXXVIII-IV-XXIII,XXXI
XCVI,XXXVIII-IV-XXIV,XXXI
XCVII,XXXVIII-IV-XXV,XXXI
XCVI,XXXVIII-IV-XXVI,XXXI
XCVI,XXXVIII-IV-XXVII,XXXI
XCVI,XXXVIII-IV-XXVIII,XXXI
XCVI,XXXVIII-IV-XXIX,XXXI
XCVI,XXXVIII-IV-XXX,XXXI
XCVII,XXXVIII-V-I,XXXI
XCVI,XXXVIII-V-II,XXXI
XCV,XXXVIII-V-III,XXXI
XCV,XXXVIII-V-IV,XXXI
XCV,XXXVIII-V-V,XXXI
XCV,XXXVIII-V-VI,XXXI
XCIV,XXXVIII-V-VII,XXXI
XCV,XXXVIII-V-VIII,XXXI
XCIV,XXXVIII-V-IX,XXXII
XCIV,XXXVIII-V-X,XXXI
XCV,XXXVIII-V-XI,XXXI
XCV,XXXVIII-V-XII,XXXI
XCV,XXXVIII-V-XIII,XXXI
XCIV,XXXVIII-V-XIV,XXXI
XCIII,XXXVIII-V-XV,XXXI
XCIII,XXXVIII-V-XVI,XXXI
XCIV,XXXVIII-V-XVII,XXXI
XCIV,XXXVIII-V-XVIII,XXXI
XCIV,XXXVIII-V-XIX,XXXI
XCIV,XXXVIII-V-XX,XXX
XCIV,XXXVIII-V-XXI,XXXI
XCIII,XXXVIII-V-XXII,XXXI
XCIII,XXXVIII-V-XXIII,XXXI
XCIV,XXXVIII-V-XXIV,XXXI
XCIV,XXXVIII-V-XXV,XXXI
XCV,XXXVIII-V-XXVI,XXXI
XCV,XXXVIII-V-XXVII,XXXI
XCV,XXXVIII-V-XXVIII,XXXI
XCV,XXXVIII-V-XXIX,XXXI
XCIV,XXXVIII-V-XXX,XXX
XCIV,XXXVIII-V-XXXI,XXXI
XCV,XXXVIII-VI-I,XXXI
XCV,XXXVIII-VI-II,XXXI
XCIV,XXXVIII-VI-III,XXXI
XCIV,XXXVIII-VI-IV,XXX
XCV,XXXVIII-VI-V,XXX
XCV,XXXVIII-VI-VI,XXX
XCVI,XXXVIII-VI-VII,XXX
XCVI,XXXVIII-VI-VIII,XXX
XCV,XXXVIII-VI-IX,XXX
XCVI,XXXVIII-VI-X,XXX
XCVI,XXXVIII-VI-XI,XXX
XCV,XXXVIII-VI-XII,XXX
XCV,XXXVIII-VI-XIII,XXX
XCV,XXXVIII-VI-XIV,XXX
XCV,XXXVIII-VI-XV,XXX
XCV,XXXVIII-VI-XVI,XXX
XCVI,XXXVIII-VI-XVII,XXX
XCVI,XXXVIII-VI-XVIII,XXX
XCVI,XXXVIII-VI-XIX,XXX
XCV,XXXVIII-VI-XX,XXX
XCV,XXXVIII-VI-XXI,XXX
XCV,XXXVIII-VI-XXII,XXX
XCV,XXXVIII-VI-XXIII,XXX
XCIV,XXXVIII-VI-XXIV,XXIX
XCV,XXXVIII-VI-XXV,XXX
XCVI,XXXVIII-VI-XXVI,XXX
XCVI,XXXVIII-VI-XXVII,XXX
XCVII,XXXVIII-VI-XXVIII,XXX
XCVIII,XXXVIII-VI-XXIX,XXX
XCVIII,XXXVIII-VI-XXX,XXX
XCVIII,XXXVIII-VII-I,XXX
XCVIII,XXXVIII-VII-II,XXX
XCIX,XXXVIII-VII-III,XXX
C,XXXVIII-VII-IV,XXX
XCIX,XXXVIII-VII-V,XXX
XCIX,XXXVIII-VII-VI,XXX
XCIX,XXXVIII-VII-VII,XXIX
C,XXXVIII-VII-VIII,XXIX
C,XXXVIII-VII-IX,XXIX
XCIX,XXXVIII-VII-X,XXIX
XCIX,XXXVIII-VII-XI,XXIX
C,XXXVIII-VII-XII,XXIX
CI,XXXVIII-VII-XIII,XXIX
CI,XXXVIII-VII-XIV,XXIX
CI,XXXVIII-VII-XV,XXIX
CII,XXXVIII-VII-XVI,XXIX
CI,XXXVIII-VII-XVII,XXIX
CI,XXXVIII-VII-XVIII,XXX
CII,XXXVIII-VII-XIX,XXX
CIII,XXXVIII-VII-XX,XXX
CIII,XXXVIII-VII-XXI,XXX
CIII,XXXVIII-VII-XXII,XXX
CIII,XXXVIII-VII-XXIII,XXX
CIV,XXXVIII-VII-XXIV,XXX
CIV,XXXVIII-VII-XXV,XXX
CIV,XXXVIII-VII-XXVI,XXX
CIV,XXXVIII-VII-XXVII,XXX
CV,XXXVIII-VII-XXVIII,XXX
CVI,XXXVIII-VII-XXIX,XXX
CVI,XXXVIII-VII-XXX,XXX
CVII,XXXVIII-VII-XXXI,XXX
CVIII,XXXVIII-VIII-I,XXX
CVII,XXXVIII-VIII-II,XXX
CVIII,XXXVIII-VIII-III,XXX
CVII,XXXVIII-VIII-IV,XXX
CVII,XXXVIII-VIII-V,XXX
CVIII,XXXVIII-VIII-VI,XXX
CVII,XXXVIII-VIII-VII,XXX
CVI,XXXVIII-VIII-VIII,XXX
CVI,XXXVIII-VIII-IX,XXX
CV,XXXVIII-VIII-X,XXX
CV,XXXVIII-VIII-XI,XXX
CV,XXXVIII-VIII-XII,XXX
CVI,XXXVIII-VIII-XIII,XXX
CVII,XXXVIII-VIII-XIV,XXX
CVII,XXXVIII-VIII-XV,XXX
CVII,XXXVIII-VIII-XVI,XXX
CVII,XXXVIII-VIII-XVII,XXX
CVII,XXXVIII-VIII-XVIII,XXX
CVII,XXXVIII-VIII-XIX,XXX
CVIII,XXXVIII-VIII-XX,XXIX
CVIII,XXXVIII-VIII-XXI,XXX
CIX,XXXVIII-VIII-XXII,XXX
CVIII,XXXVIII-VIII-XXIII,XXX
CVIII,XXXVIII-VIII-XXIV,XXIX
CVII,XXXVIII-VIII-XXV,XXIX
CVII,XXXVIII-VIII-XXVI,XXIX
CVIII,XXXVIII-VIII-XXVII,XXIX
CVII,XXXVIII-VIII-XXVIII,XXIX
CVIII,XXXVIII-VIII-XXIX,XXIX
CIX,XXXVIII-VIII-XXX,XXIX
CIX,XXXVIII-VIII-XXXI,XXIX
CVIII,XXXVIII-IX-I,XXIX
CIX,XXXVIII-IX-II,XXIX
CX,XXXVIII-IX-III,XXIX
CIX,XXXVIII-IX-IV,XXIX
CVIII,XXXVIII-IX-V,XXIX
CIX,XXXVIII-IX-VI,XXX
CIX,XXXVIII-IX-VII,XXX
CVIII,XXXVIII-IX-VIII,XXX
CIX,XXXVIII-IX-IX,XXX
CVIII,XXXVIII-IX-X,XXX
CVII,XXXVIII-IX-XI,XXIX
CVIII,XXXVIII-IX-XII,XXX
CIX,XXXVIII-IX-XIII,XXIX
CIX,XXXVIII-IX-XIV,XXX
CVIII,XXXVIII-IX-XV,XXIX
CVII,XXXVIII-IX-XVI,XXIX
CVIII,XXXVIII-IX-XVII,XXIX
CVIII,XXXVIII-IX-XVIII,XXIX
CVIII,XXXVIII-IX-XIX,XXX
CIX,XXXVIII-IX-XX,XXX
CVIII,XXXVIII-IX-XXI,XXX
CVIII,XXXVIII-IX-XXII,XXX
CIX,XXXVIII-IX-XXIII,XXX
CX,XXXVIII-IX-XXIV,XXX
CXI,XXXVIII-IX-XXV,XXX
CX,XXXVIII-IX-XXVI,XXX
CXI,XXXVIII-IX-XXVII,XXX
CX,XXXVIII-IX-XXVIII,XXX
CX,XXXVIII-IX-XXIX,XXIX
CXI,XXXVIII-IX-XXX,XXIX
CX,XXXVIII-X-I,XXIX
CIX,XXXVIII-X-II,XXIX
CX,XXXVIII-X-III,XXIX
CXI,XXXVIII-X-IV,XXIX
CX,XXXVIII-X-V,XXIX
CXI,XXXVIII-X-VI,XXIX
CXI,XXXVIII-X-VII,XXX
CXI,XXXVIII-X-VIII,XXIX
CXI,XXXVIII-X-IX,XXIX
CXII,XXXVIII-X-X,XXIX
CXIII,XXXVIII-X-XI,XXIX
CXII,XXXVIII-X-XII,XXIX
CXI,XXXVIII-X-XIII,XXIX
CXI,XXXVIII-X-XIV,XXIX
CX,XXXVIII-X-XV,XXIX
CX,XXXVIII-X-XVI,XXIX
CIX,XXXVIII-X-XVII,XXIX
CVIII,XXXVIII-X-XVIII,XXX
CVIII,XXXVIII-X-XIX,XXX
CIX,XXXVIII-X-XX,XXX
CVIII,XXXVIII-X-XXI,XXX
CVIII,XXXVIII-X-XXII,XXX
CVII,XXXVIII-X-XXIII,XXX
CVIII,XXXVIII-X-XXIV,XXIX
CVIII,XXXVIII-X-XXV,XXIX
CVIII,XXXVIII-X-XXVI,XXX
CIX,XXXVIII-X-XXVII,XXIX
CIX,XXXVIII-X-XXVIII,XXX
CIX,XXXVIII-X-XXIX,XXX
CIX,XXXVIII-X-XXX,XXX
CVIII,XXXVIII-X-XXXI,XXX
CVIII,XXXVIII-XI-I,XXX
CVIII,XXXVIII-XI-II,XXX
CVIII,XXXVIII-XI-III,XXX
CVIII,XXXVIII-XI-IV,XXX
CVIII,XXXVIII-XI-V,XXXI
CVIII,XXXVIII-XI-VI,XXXI
CVII,XXXVIII-XI-VII,XXX
CVII,XXXVIII-XI-VIII,XXX
CVII,XXXVIII-XI-IX,XXX
CVII,XXXVIII-XI-X,XXX
CVIII,XXXVIII-XI-XI,XXIX
CVIII,XXXVIII-XI-XII,XXIX
CVIII,XXXVIII-XI-XIII,XXIX
CVII,XXXVIII-XI-XIV,XXIX
CVII,XXXVIII-XI-XV,XXVIII
CVII,XXXVIII-XI-XVI,XXIX
CVI,XXXVIII-XI-XVII,XXVIII
CV,XXXVIII-XI-XVIII,XXVIII
CVI,XXXVIII-XI-XIX,XXVIII
CV,XXXVIII-XI-XX,XXVIII
CV,XXXVIII-XI-XXI,XXVIII
CV,XXXVIII-XI-XXII,XXIX
CV,XXXVIII-XI-XXIII,XXIX
CV,XXXVIII-XI-XXIV,XXIX
CVI,XXXVIII-XI-XXV,XXIX
CVI,XXXVIII-XI-XXVI,XXIX
CVII,XXXVIII-XI-XXVII,XXIX
CVII,XXXVIII-XI-XXVIII,XXIX
CVIII,XXXVIII-XI-XXIX,XXIX
CVII,XXXVIII-XI-XXX,XXIX
CVIII,XXXVIII-XII-I,XXIX
CVIII,XXXVIII-XII-II,XXIX
CVIII,XXXVIII-XII-III,XXIX
CVIII,XXXVIII-XII-IV,XXIX
CIX,XXXVIII-XII-V,XXIX
CIX,XXXVIII-XII-VI,XXIX
CIX,XXXVIII-XII-VII,XXVIII
CX,XXXVIII-XII-VIII,XXVIII
CXI,XXXVIII-XII-IX,XXIX
CXI,XXXVIII-XII-X,XXVIII
CXI,XXXVIII-XII-XI,XXIX
CXII,XXXVIII-XII-XII,XXVIII
CXI,XXXVIII-XII-XIII,XXVIII
CXII,XXXVIII-XII-XIV,XXVIII
CXII,XXXVIII-XII-XV,XXVIII
CXI,XXXVIII-XII-XVI,XXVIII
CXI,XXXVIII-XII-XVII,XXVIII
CX,XXXVIII-XII-XVIII,XXVIII
CXII,XXXVIII-XII-XIX,XXVIII
CXI,XXXVIII-XII-XX,XXVIII
CXI,XXXVIII-XII-XXI,XXVIII
CXII,XXXVIII-XII-XXII,XXVIII
CXII,XXXVIII-XII-XXIII,XXVIII
CXII,XXXVIII-XII-XXIV,XXVIII
CXIII,XXXVIII-XII-XXV,XXVIII
CXIII,XXXVIII-XII-XXVI,XXVIII
CXII,XXXVIII-XII-XXVII,XXVIII
CXI,XXXVIII-XII-XXVIII,XXVIII
CXII,XXXVIII-XII-XXIX,XXVIII
CXIII,XXXVIII-XII-XXX,XXVII
CXIII,XXXVIII-XII-XXXI,XXVII
CXIII,XXXIX-I-I,XXVII
CXIII,XXXIX-I-II,XXVII
CXIII,XXXIX-I-III,XXVII
CXIV,XXXIX-I-IV,XXVII
CXV,XXXIX-I-V,XXVII
CXV,XXXIX-I-VI,XXVII
CXIV,XXXIX-I-VII,XXVII
CXIV,XXXIX-I-VIII,XXVII
CXIV,XXXIX-I-IX,XXVII
CXIV,XXXIX-I-X,XXVII
CXIII,XXXIX-I-XI,XXVII
CXII,XXXIX-I-XII,XXVII
CXIII,XXXIX-I-XIII,XXVII
CXII,XXXIX-I-XIV,XXVI
CXII,XXXIX-I-XV,XXVI
CXI,XXXIX-I-XVI,XXVI
CXI,XXXIX-I-XVII,XXVI
CXI,XXXIX-I-XVIII,XXVI
CXI,XXXIX-I-XIX,XXVI
CXII,XXXIX-I-XX,XXVI
CXI,XXXIX-I-XXI,XXVI
CXI,XXXIX-I-XXII,XXVI
CXI,XXXIX-I-XXIII,XXVI
CX,XXXIX-I-XXIV,XXVI
CIX,XXXIX-I-XXV,XXVI
CIX,XXXIX-I-XXVI,XXVI
CX,XXXIX-I-XXVII,XXVI
CX,XXXIX-I-XXVIII,XXVI
CX,XXXIX-I-XXIX,XXVI
CIX,XXXIX-I-XXX,XXVI
CIX,XXXIX-I-XXXI,XXVI
CVIII,XXXIX-II-I,XXVI
CIX,XXXIX-II-II,XXVI
CIX,XXXIX-II-III,XXVI
CIX,XXXIX-II-IV,XXVI
CIX,XXXIX-II-V,XXVI
CX,XXXIX-II-VI,XXVI
CX,XXXIX-II-VII,XXVI
CX,XXXIX-II-VIII,XXV
CX,XXXIX-II-IX,XXVI
CX,XXXIX-II-X,XXVI
CX,XXXIX-II-XI,XXV
CIX,XXXIX-II-XII,XXV
CX,XXXIX-II-XIII,XXV
CXI,XXXIX-II-XIV,XXV
CX,XXXIX-II-XV,XXV
CXI,XXXIX-II-XVI,XXV
CX,XXXIX-II-XVII,XXV
CIX,XXXIX-II-XVIII,XXV
CIX,XXXIX-II-XIX,XXV
CIX,XXXIX-II-XX,XXV
CX,XXXIX-II-XXI,XXVI
CX,XXXIX-II-XXII,XXV
CX,XXXIX-II-XXIII,XXV
CXI,XXXIX-II-XXIV,XXV
CX,XXXIX-II-XXV,XXV
CXI,XXXIX-II-XXVI,XXV
CX,XXXIX-II-XXVII,XXV
CX,XXXIX-II-XXVIII,XXV
CXI,XXXIX-III-I,XXV
CX,XXXIX-III-II,XXV
CIX,XXXIX-III-III,XXV
CIX,XXXIX-III-IV,XXV
CIX,XXXIX-III-V,XXV
CIX,XXXIX-III-VI,XXV
CVIII,XXXIX-III-VII,XXV
CIX,XXXIX-III-VIII,XXV
CVIII,XXXIX-III-IX,XXIV
CVIII,XXXIX-III-X,XXIV
CIX,XXXIX-III-XI,XXIV
CVIII,XXXIX-III-XII,XXIV
CIX,XXXIX-III-XIII,XXIV
CVIII,XXXIX-III-XIV,XXIV
CVII,XXXIX-III-XV,XXIII
CVII,XXXIX-III-XVI,XXIV
CVII,XXXIX-III-XVII,XXIII
CVI,XXXIX-III-XVIII,XXIII
CVI,XXXIX-III-XIX,XXIII
CV,XXXIX-III-XX,XXIII
CV,XXXIX-III-XXI,XXIII
CIV,XXXIX-III-XXII,XXIII
CV,XXXIX-III-XXIII,XXIII
CIV,XXXIX-III-XXIV,XXIII
CV,XXXIX-III-XXV,XXIII
CVI,XXXIX-III-XXVI,XXIII
CVI,XXXIX-III-XXVII,XXIII
CV,XXXIX-III-XXVIII,XXIII
CVI,XXXIX-III-XXIX,XXIII
CVI,XXXIX-III-XXX,XXIV
CV,XXXIX-III-XXXI,XXIV
CIV,XXXIX-IV-I,XXIII
CIV,XXXIX-IV-II,XXIII
CIII,XXXIX-IV-III,XXIII
CIII,XXXIX-IV-IV,XXIII
CIV,XXXIX-IV-V,XXIII
CV,XXXIX-IV-VI,XXIII
CVI,XXXIX-IV-VII,XXIII
CVI,XXXIX-IV-VIII,XXIII
CV,XXXIX-IV-IX,XXIII
CIV,XXXIX-IV-X,XXIII
CIV,XXXIX-IV-XI,XXIII
CIII,XXXIX-IV-XII,XXIII
CIV,XXXIX-IV-XIII,XXIII
CV,XXXIX-IV-XIV,XXIII
CVI,XXXIX-IV-XV,XXIII
CVII,XXXIX-IV-XVI,XXIII
CVI,XXXIX-IV-XVII,XXIII
CVI,XXXIX-IV-XVIII,XXIII
CV,XXXIX-IV-XIX,XXIII
CV,XXXIX-IV-XX,XXIII
CV,XXXIX-IV-XXI,XXIII
CVI,XXXIX-IV-XXII,XXIII
CVII,XXXIX-IV-XXIII,XXIII
CVII,XXXIX-IV-XXIV,XXIII
CVII,XXXIX-IV-XXV,XXIII
CVIII,XXXIX-IV-XXVI,XXIII
CVIII,XXXIX-IV-XXVII,XXIII
CVII,XXXIX-IV-XXVIII,XXIII
CVII,XXXIX-IV-XXIX,XXIII
CVI,XXXIX-IV-XXX,XXIII
CVI,XXXIX-V-I,XXIII
CVI,XXXIX-V-II,XXIII
CVI,XXXIX-V-III,XXIII
CV,XXXIX-V-IV,XXIII
CV,XXXIX-V-V,XXIII
CIV,XXXIX-V-VI,XXIII
CIV,XXXIX-V-VII,XXIII
CIV,XXXIX-V-VIII,XXIII
CIV,XXXIX-V-IX,XXIII
CIV,XXXIX-V-X,XXIII
CV,XXXIX-V-XI,XXIII
CIV,XXXIX-V-XII,XXIII
CV,XXXIX-V-XIII,XXIII
CIV,XXXIX-V-XIV,XXIII
CIII,XXXIX-V-XV,XXIII
CIV,XXXIX-V-XVI,XXIII
CIV,XXXIX-V-XVII,XXIII
CV,XXXIX-V-XVIII,XXIII
CV,XXXIX-V-XIX,XXIII
CV,XXXIX-V-XX,XXIII
CV,XXXIX-V-XXI,XXIII
CV,XXXIX-V-XXII,XXIII
CIV,XXXIX-V-XXIII,XXIII
CIV,XXXIX-V-XXIV,XXIII
CV,XXXIX-V-XXV,XXIII
CV,XXXIX-V-XXVI,XXIII
CVI,XXXIX-V-XXVII,XXIII
CVII,XXXIX-V-XXVIII,XXIII
CVII,XXXIX-V-XXIX,XXIII
CVII,XXXIX-V-XXX,XXIII
CVI,XXXIX-V-XXXI,XXIII
CVI,XXXIX-VI-I,XXIII
CVI,XXXIX-VI-II,XXIV
CVI,XXXIX-VI-III,XXIV
CVI,XXXIX-VI-IV,XXIV
CVI,XXXIX-VI-V,XXIV
CV,XXXIX-VI-VI,XXIV
CV,XXXIX-VI-VII,XXIV
CIV,XXXIX-VI-VIII,XXIV
CIV,XXXIX-VI-IX,XXIV
CIV,XXXIX-VI-X,XXIV
CIV,XXXIX-VI-XI,XXIV
CIII,XXXIX-VI-XII,XXIV
CIII,XXXIX-VI-XIII,XXV
CII,XXXIX-VI-XIV,XXIV
CII,XXXIX-VI-XV,XXIV
CII,XXXIX-VI-XVI,XXIV
CI,XXXIX-VI-XVII,XXV
CII,XXXIX-VI-XVIII,XXV
CI,XXXIX-VI-XIX,XXV
CI,XXXIX-VI-XX,XXV
CI,XXXIX-VI-XXI,XXV
CII,XXXIX-VI-XXII,XXV
CI,XXXIX-VI-XXIII,XXV
CI,XXXIX-VI-XXIV,XXV
CII,XXXIX-VI-XXV,XXV
CI,XXXIX-VI-XXVI,XXV
CI,XXXIX-VI-XXVII,XXV
CI,XXXIX-VI-XXVIII,XXV
CI,XXXIX-VI-XXIX,XXV
CI,XXXIX-VI-XXX,XXV
CI,XXXIX-VII-I,XXV
C,XXXIX-VII-II,XXV
CI,XXXIX-VII-III,XXV
CI,XXXIX-VII-IV,XXV
CII,XXXIX-VII-V,XXV
CII,XXXIX-VII-VI,XXV
CI,XXXIX-VII-VII,XXV
CI,XXXIX-VII-VIII,XXV
C,XXXIX-VII-IX,XXV
CI,XXXIX-VII-X,XXV
CI,XXXIX-VII-XI,XXV
C,XXXIX-VII-XII,XXV
CI,XXXIX-VII-XIII,XXV
CI,XXXIX-VII-XIV,XXV
C,XXXIX-VII-XV,XXV
C,XXXIX-VII-XVI,XXV
C,XXXIX-VII-XVII,XXIV
C,XXXIX-VII-XVIII,XXV
CI,XXXIX-VII-XIX,XXV
C,XXXIX-VII-XX,XXV
C,XXXIX-VII-XXI,XXIV
CI,XXXIX-VII-XXII,XXV
CI,XXXIX-VII-XXIII,XXV
CI,XXXIX-VII-XXIV,XXV
CII,XXXIX-VII-XXV,XXV
CI,XXXIX-VII-XXVI,XXIV
CI,XXXIX-VII-XXVII,XXV
CI,XXXIX-VII-XXVIII,XXIV
CI,XXXIX-VII-XXIX,XXIV
C,XXXIX-VII-XXX,XXIV
XCIX,XXXIX-VII-XXXI,XXV
XCIX,XXXIX-VIII-I,XXV
C,XXXIX-VIII-II,XXV
C,XXXIX-VIII-III,XXV
XCIX,XXXIX-VIII-IV,XXIV
XCVIII,XXXIX-VIII-V,XXIV
XCIX,XXXIX-VIII-VI,XXIV
XCVIII,XXXIX-VIII-VII,XXIV
XCVIII,XXXIX-VIII-VIII,XXIV
XCVIII,XXXIX-VIII-IX,XXIV
XCVIII,XXXIX-VIII-X,XXV
XCVIII,XXXIX-VIII-XI,XXIV
XCVIII,XXXIX-VIII-XII,XXIV
XCVIII,XXXIX-VIII-XIII,XXIV
XCVIII,XXXIX-VIII-XIV,XXV
XCVII,XXXIX-VIII-XV,XXIV
XCVII,XXXIX-VIII-XVI,XXV
XCVII,XXXIX-VIII-XVII,XXIV
XCVIII,XXXIX-VIII-XVIII,XXIV
XCVIII,XXXIX-VIII-XIX,XXIV
XCVII,XXXIX-VIII-XX,XXIV
XCVIII,XXXIX-VIII-XXI,XXIV
XCVIII,XXXIX-VIII-XXII,XXIV
XCIX,XXXIX-VIII-XXIII,XXIV
XCIX,XXXIX-VIII-XXIV,XXIV
C,XXXIX-VIII-XXV,XXIV
C,XXXIX-VIII-XXVI,XXIII
XCIX,XXXIX-VIII-XXVII,XXIII
C,XXXIX-VIII-XXVIII,XXIII
C,XXXIX-VIII-XXIX,XXIII
C,XXXIX-VIII-XXX,XXIII
CI,XXXIX-VIII-XXXI,XXIII
C,XXXIX-IX-I,XXIII
C,XXXIX-IX-II,XXIII
C,XXXIX-IX-III,XXIII
CI,XXXIX-IX-IV,XXIII
CI,XXXIX-IX-V,XXII
CII,XXXIX-IX-VI,XXIII
CI,XXXIX-IX-VII,XXIII
CI,XXXIX-IX-VIII,XXIII
CII,XXXIX-IX-IX,XXIII
CIII,XXXIX-IX-X,XXIII
CII,XXXIX-IX-XI,XXIII
CIII,XXXIX-IX-XII,XXIII
CIII,XXXIX-IX-XIII,XXIII
CIII,XXXIX-IX-XIV,XXIII
CIII,XXXIX-IX-XV,XXIII
CIII,XXXIX-IX-XVI,XXIII
CIII,XXXIX-IX-XVII,XXIII
CIV,XXXIX-IX-XVIII,XXII
CV,XXXIX-IX-XIX,XXIII
CIV,XXXIX-IX-XX,XXIII
CV,XXXIX-IX-XXI,XXIII
CV,XXXIX-IX-XXII,XXII
CV,XXXIX-IX-XXIII,XXIII
CV,XXXIX-IX-XXIV,XXIII
CV,XXXIX-IX-XXV,XXIII
CIV,XXXIX-IX-XXVI,XXIII
CIV,XXXIX-IX-XXVII,XXII
CIV,XXXIX-IX-XXVIII,XXII
CIV,XXXIX-IX-XXIX,XXIII
CV,XXXIX-IX-XXX,XXII
CIV,XXXIX-X-I,XXII
CIV,XXXIX-X-II,XXII
CIV,XXXIX-X-III,XXII
CIII,XXXIX-X-IV,XXII
CIV,XXXIX-X-V,XXII
CV,XXXIX-X-VI,XXII
CV,XXXIX-X-VII,XXII
CVI,XXXIX-X-VIII,XXII
CVI,XXXIX-X-IX,XXII
CVI,XXXIX-X-X,XXII
CVI,XXXIX-X-XI,XXII
CVI,XXXIX-X-XII,XXII
CV,XXXIX-X-XIII,XXII
CV,XXXIX-X-XIV,XXII
CVI,XXXIX-X-XV,XXII
CVI,XXXIX-X-XVI,XXII
CV,XXXIX-X-XVII,XXII
CVI,XXXIX-X-XVIII,XXIII
CV,XXXIX-X-XIX,XXII
CV,XXXIX-X-XX,XXII
CV,XXXIX-X-XXI,XXIII
CVI,XXXIX-X-XXII,XXIII
CV,XXXIX-X-XXIII,XXIII
CVI,XXXIX-X-XXIV,XXIII
CVI,XXXIX-X-XXV,XXIII
CVI,XXXIX-X-XXVI,XXIII
CVII,XXXIX-X-XXVII,XXIII
CVIII,XXXIX-X-XXVIII,XXIII
CVII,XXXIX-X-XXIX,XXIII
CVIII,XXXIX-X-XXX,XXIII
CVII,XXXIX-X-XXXI,XXIII
CVIII,XXXIX-XI-I,XXIII
CVIII,XXXIX-XI-II,XXIV
CVIII,XXXIX-XI-III,XXIV
CVII,XXXIX-XI-IV,XXIV
CVI,XXXIX-XI-V,XXIV
CV,XXXIX-XI-VI,XXIV
CVI,XXXIX-XI-VII,XXIV
CV,XXXIX-XI-VIII,XXIII
CIV,XXXIX-XI-IX,XXIII
CIV,XXXIX-XI-X,XXIV
CIV,XXXIX-XI-XI,XXIII
CIV,XXXIX-XI-XII,XXIV
CIV,XXXIX-XI-XIII,XXIII
CIV,XXXIX-XI-XIV,XXIV
CIII,XXXIX-XI-XV,XXIV
CIV,XXXIX-XI-XVI,XXIV
CV,XXXIX-XI-XVII,XXIV
CIV,XXXIX-XI-XVIII,XXIV
CIV,XXXIX-XI-XIX,XXIV
CIV,XXXIX-XI-XX,XXIV
CIII,XXXIX-XI-XXI,XXIV
CIV,XXXIX-XI-XXII,XXIV
CIV,XXXIX-XI-XXIII,XXIV
CIII,XXXIX-XI-XXIV,XXIV
CIV,XXXIX-XI-XXV,XXIV
CIV,XXXIX-XI-XXVI,XXIV
CV,XXXIX-XI-XXVII,XXIV
CIV,XXXIX-XI-XXVIII,XXIV
CV,XXXIX-XI-XXIX,XXIV
CIV,XXXIX-XI-XXX,XXV
CIV,XXXIX-XII-I,XXIV
CIII,XXXIX-XII-II,XXIV
CIII,XXXIX-XII-III,XXIV
CIII,XXXIX-XII-IV,XXIV
CIV,XXXIX-XII-V,XXIV
CIII,XXXIX-XII-VI,XXIV
CIII,XXXIX-XII-VII,XXIV
CIV,XXXIX-XII-VIII,XXV
CIII,XXXIX-XII-IX,XXV
CIII,XXXIX-XII-X,XXV
CIV,XXXIX-XII-XI,XXIV
CIII,XXXIX-XII-XII,XXV
CII,XXXIX-XII-XIII,XXV
CI,XXXIX-XII-XIV,XXV
CI,XXXIX-XII-XV,XXV
CII,XXXIX-XII-XVI,XXV
CI,XXXIX-XII-XVII,XXV
CI,XXXIX-XII-XVIII,XXIV
CI,XXXIX-XII-XIX,XXIV
CI,XXXIX-XII-XX,XXIV
C,XXXIX-XII-XXI,XXIV
C,XXXIX-XII-XXII,XXIV
XCIX,XXXIX-XII-XXIII,XXIV
XCIX,XXXIX-XII-XXIV,XXIV
XCIX,XXXIX-XII-XXV,XXIV
XCIX,XXXIX-XII-XXVI,XXIV
XCIX,XXXIX-XII-XXVII,XXIV
XCIX,XXXIX-XII-XXVIII,XXIV
C,XXXIX-XII-XXIX,XXIV
C,XXXIX-XII-XXX,XXIV
CI,XXXIX-XII-XXXI,XXIV
C,XL-I-I,XXIV
CI,XL-I-II,XXIII
CI,XL-I-III,XXIII
CI,XL-I-IV,XXIV
C,XL-I-V,XXIV
XCIX,XL-I-VI,XXIV
C,XL-I-VII,XXIV
C,XL-I-VIII,XXIV
C,XL-I-IX,XXIV
C,XL-I-X,XXIV
C,XL-I-XI,XXV
C,XL-I-XII,XXV
CI,XL-I-XIII,XXIV
CII,XL-I-XIV,XXV
CIII,XL-I-XV,XXV
CII,XL-I-XVI,XXV
CII,XL-I-XVII,XXV
CII,XL-I-XVIII,XXIV
CIII,XL-I-XIX,XXV
CII,XL-I-XX,XXIV
CII,XL-I-XXI,XXIV
CII,XL-I-XXII,XXIV
CI,XL-I-XXIII,XXIV
CI,XL-I-XXIV,XXIV
CI,XL-I-XXV,XXIV
C,XL-I-XXVI,XXIV
C,XL-I-XXVII,XXIV
CI,XL-I-XXVIII,XXIII
CI,XL-I-XXIX,XXIV
C,XL-I-XXX,XXIII
CI,XL-I-XXXI,XXIV
CI,XL-II-I,XXIV
CII,XL-II-II,XXIV
CII,XL-II-III,XXIV
CIII,XL-II-IV,XXIV
CIII,XL-II-V,XXIV
CIII,XL-II-VI,XXIV
CIII,XL-II-VII,XXIV
CIV,XL-II-VIII,XXIV
CIV,XL-II-IX,XXIV
CIV,XL-II-X,XXIV
CIV,XL-II-XI,XXIV
CIV,XL-II-XII,XXIV
CIV,XL-II-XIII,XXIV
CIV,XL-II-XIV,XXIV
CIV,XL-II-XV,XXIV
CV,XL-II-XVI,XXV
CVI,XL-II-XVII,XXIV
CV,XL-II-XVIII,XXIV
CV,XL-II-XIX,XXIV
CV,XL-II-XX,XXIV
CV,XL-II-XXI,XXIV
CVI,XL-II-XXII,XXIV
CV,XL-II-XXIII,XXIV
CVI,XL-II-XXIV,XXIV
CV,XL-II-XXV,XXIV
CV,XL-II-XXVI,XXIV
CV,XL-II-XXVII,XXIV
CVI,XL-II-XXVIII,XXIV
CVII,XL-II-XXIX,XXIV
CVII,XL-III-I,XXIV
CVIII,XL-III-II,XXIV
CIX,XL-III-III,XXIV
CVIII,XL-III-IV,XXIV
CVII,XL-III-V,XXIV
CVII,XL-III-VI,XXIII
CVI,XL-III-VII,XXIII
CVI,XL-III-VIII,XXIV
CVII,XL-III-IX,XXIV
CVII,XL-III-X,XXIV
CVIII,XL-III-XI,XXIV
CVIII,XL-III-XII,XXIV
CVIII,XL-III-XIII,XXIV
CVIII,XL-III-XIV,XXIV
CVIII,XL-III-XV,XXIV
CVIII,XL-III-XVI,XXIV
CIX,XL-III-XVII,XXIV
CIX,XL-III-XVIII,XXIII
CX,XL-III-XIX,XXIV
CXI,XL-III-XX,XXIII
CXI,XL-III-XXI,XXIII
CXII,XL-III-XXII,XXIII
CXI,XL-III-XXIII,XXIV
CXII,XL-III-XXIV,XXIV
CXII,XL-III-XXV,XXIV
CXI,XL-III-XXVI,XXIV
CXI,XL-III-XXVII,XXIV
CXI,XL-III-XXVIII,XXIV
CXI,XL-III-XXIX,XXIV
CXI,XL-III-XXX,XXIV
CX,XL-III-XXXI,XXIV
CX,XL-IV-I,XXIV
CXI,XL-IV-II,XXIV
CX,XL-IV-III,XXIV
CXI,XL-IV-IV,XXIV
CXII,XL-IV-V,XXIV
CXII,XL-IV-VI,XXIV
CXII,XL-IV-VII,XXIV
CXI,XL-IV-VIII,XXIV
CXI,XL-IV-IX,XXIV
CXI,XL-IV-X,XXIV
CXIII,XL-IV-XI,XXIV
CXIV,XL-IV-XII,XXIV
CXV,XL-IV-XIII,XXIV
CXIV,XL-IV-XIV,XXIV
CXIV,XL-IV-XV,XXIV
CXIV,XL-IV-XVI,XXIV
CXIV,XL-IV-XVII,XXIV
CXV,XL-IV-XVIII,XXIV
CXV,XL-IV-XIX,XXV
CXIV,XL-IV-XX,XXIV
CXV,XL-IV-XXI,XXV
CXV,XL-IV-XXII,XXIV
CXVI,XL-IV-XXIII,XXIV
CXVII,XL-IV-XXIV,XXIV
CXVI,XL-IV-XXV,XXV
CXVII,XL-IV-XXVI,XXIV
CXVII,XL-IV-XXVII,XXIV
CXVI,XL-IV-XXVIII,XXIV
CXVII,XL-IV-XXIX,XXIV
CXVII,XL-IV-XXX,XXV
CXVIII,XL-V-I,XXV
CXVII,XL-V-II,XXV
CXVII,XL-V-III,XXV
CXVIII,XL-V-IV,XXIV
CXVIII,XL-V-V,XXV
CXVII,XL-V-VI,XXV
CXVII,XL-V-VII,XXV
CXVII,XL-V-VIII,XXV
CXVIII,XL-V-IX,XXV
CXIX,XL-V-X,XXV
CXX,XL-V-XI,XXV
CXVIII,XL-V-XII,XXV
CXIX,XL-V-XIII,XXV
CXIX,XL-V-XIV,XXV
CXX,XL-V-XV,XXV
CXIX,XL-V-XVI,XXV
CXIX,XL-V-XVII,XXV
CXX,XL-V-XVIII,XXV
CXIX,XL-V-XIX,XXV
CXX,XL-V-XX,XXV
CXIX,XL-V-XXI,XXV
CXX,XL-V-XXII,XXV
CXX,XL-V-XXIII,XXV
CXIX,XL-V-XXIV,XXV
CXIX,XL-V-XXV,XXV
CXVIII,XL-V-XXVI,XXVI
CXIX,XL-V-XXVII,XXVI
CXIX,XL-V-XXVIII,XXVI
CXIX,XL-V-XXIX,XXVI
CXVIII,XL-V-XXX,XXVI
CXVIII,XL-V-XXXI,XXVI
CXVIII,XL-VI-I,XXVI
CXVII,XL-VI-II,XXVI
CXVI,XL-VI-III,XXVI
CXV,XL-VI-IV,XXVI
CXV,XL-VI-V,XXVI
CXIV,XL-VI-VI,XXVI
CXIV,XL-VI-VII,XXVI
CXV,XL-VI-VIII,XXVI
CXIV,XL-VI-IX,XXVI
CXIV,XL-VI-X,XXVI
CXIV,XL-VI-XI,XXVI
CXIII,XL-VI-XII,XXVI
CXII,XL-VI-XIII,XXVI
CXII,XL-VI-XIV,XXVI
CXIII,XL-VI-XV,XXVI
CXIII,XL-VI-XVI,XXVI
CXIII,XL-VI-XVII,XXVI
CXIV,XL-VI-XVIII,XXVI
CXV,XL-VI-XIX,XXVI
CXV,XL-VI-XX,XXVII
CXV,XL-VI-XXI,XXVI
CXVI,XL-VI-XXII,XXVI
CXVI,XL-VI-XXIII,XXVI
CXVII,XL-VI-XXIV,XXVI
CXVII,XL-VI-XXV,XXVII
CXVI,XL-VI-XXVI,XXVII
CXV,XL-VI-XXVII,XXVII
CXV,XL-VI-XXVIII,XXVII
CXIV,XL-VI-XXIX,XXVII
CXIV,XL-VI-XXX,XXVII
CXIV,XL-VII-I,XXVII
CXV,XL-VII-II,XXVII
CXV,XL-VII-III,XXVII
CXIV,XL-VII-IV,XXVII
CXIV,XL-VII-V,XXVII
CXV,XL-VII-VI,XXVII
CXVI,XL-VII-VII,XXVII
CXV,XL-VII-VIII,XXVII
CXVI,XL-VII-IX,XXVII
CXV,XL-VII-X,XXVII
CXVI,XL-VII-XI,XXVII
CXVII,XL-VII-XII,XXVII
CXVIII,XL-VII-XIII,XXVII
CXVII,XL-VII-XIV,XXVII
CXVII,XL-VII-XV,XXVII
CXVII,XL-VII-XVI,XXVII
CXVII,XL-VII-XVII,XXVII
CXVII,XL-VII-XVIII,XXVI
CXVII,XL-VII-XIX,XXVI
CXVI,XL-VII-XX,XXVI
CXVI,XL-VII-XXI,XXVI
CXVI,XL-VII-XXII,XXVI
CXV,XL-VII-XXIII,XXVI
CXIV,XL-VII-XXIV,XXVI
CXVI,XL-VII-XXV,XXVI
CXVI,XL-VII-XXVI,XXVI
CXVII,XL-VII-XXVII,XXVI
CXVI,XL-VII-XXVIII,XXVI
CXVI,XL-VII-XXIX,XXVI
CXVII,XL-VII-XXX,XXVI
CXVI,XL-VII-XXXI,XXVI
CXVI,XL-VIII-I,XXVI
CXVII,XL-VIII-II,XXVI
CXVIII,XL-VIII-III,XXVI
CXIX,XL-VIII-IV,XXV
CXX,XL-VIII-V,XXV
CXX,XL-VIII-VI,XXV
CXIX,XL-VIII-VII,XXV
CXIX,XL-VIII-VIII,XXVI
CXVIII,XL-VIII-IX,XXVI
CXIX,XL-VIII-X,XXVI
CXVIII,XL-VIII-XI,XXVI
CXVIII,XL-VIII-XII,XXVI
CXVIII,XL-VIII-XIII,XXVI
CXIX,XL-VIII-XIV,XXVII
CXVIII,XL-VIII-XV,XXVII
CXVIII,XL-VIII-XVI,XXVII
CXIX,XL-VIII-XVII,XXVII
CXIX,XL-VIII-XVIII,XXVII
CXX,XL-VIII-XIX,XXVII
CXXI,XL-VIII-XX,XXVII
CXX,XL-VIII-XXI,XXVII
CXX,XL-VIII-XXII,XXVII
CXIX,XL-VIII-XXIII,XXVII
CXVIII,XL-VIII-XXIV,XXVII
CXIX,XL-VIII-XXV,XXVII
CXVIII,XL-VIII-XXVI,XXVII
CXIX,XL-VIII-XXVII,XXVII
CXVIII,XL-VIII-XXVIII,XXVII
CXVIII,XL-VIII-XXIX,XXVII
CXIX,XL-VIII-XXX,XXVII
CXIX,XL-VIII-XXXI,XXVI
CXX,XL-IX-I,XXVI
CXX,XL-IX-II,XXVI
CXIX,XL-IX-III,XXVI
CXVIII,XL-IX-IV,XXVI
CXVIII,XL-IX-V,XXVI
CXVIII,XL-IX-VI,XXVI
CXVIII,XL-IX-VII,XXVI
CXIX,XL-IX-VIII,XXVI
CXX,XL-IX-IX,XXVI
CXIX,XL-IX-X,XXV
CXX,XL-IX-XI,XXVI
CXIX,XL-IX-XII,XXV
CXIX,XL-IX-XIII,XXVI
CXX,XL-IX-XIV,XXV
CXX,XL-IX-XV,XXVI
CXX,XL-IX-XVI,XXVI
CXX,XL-IX-XVII,XXV
CXX,XL-IX-XVIII,XXVI
CXX,XL-IX-XIX,XXV
CXX,XL-IX-XX,XXVI
CXXI,XL-IX-XXI,XXVI
CXXII,XL-IX-XXII,XXVI
CXXIII,XL-IX-XXIII,XXVI
CXXIII,XL-IX-XXIV,XXVI
CXXII,XL-IX-XXV,XXV
CXXIII,XL-IX-XXVI,XXV
CXXIV,XL-IX-XXVII,XXV
CXXIII,XL-IX-XXVIII,XXVI
CXXIV,XL-IX-XXIX,XXV
CXXV,XL-IX-XXX,XXV
CXXV,XL-X-I,XXV
CXXVI,XL-X-II,XXV
CXXVI,XL-X-III,XXV
CXXVI,XL-X-IV,XXV
CXXVII,XL-X-V,XXV
CXXVIII,XL-X-VI,XXV
CXXVIII,XL-X-VII,XXV
CXXVII,XL-X-VIII,XXV
CXXVIII,XL-X-IX,XXV
CXXVIII,XL-X-X,XXV
CXXVIII,XL-X-XI,XXVI
CXXVIII,XL-X-XII,XXV
CXXVI,XL-X-XIII,XXV
CXXVII,XL-X-XIV,XXV
CXXVI,XL-X-XV,XXV
CXXVI,XL-X-XVI,XXV
CXXV,XL-X-XVII,XXV
CXXVI,XL-X-XVIII,XXV
CXXVI,XL-X-XIX,XXV
CXXV,XL-X-XX,XXV
CXXIV,XL-X-XXI,XXV
CXXIV,XL-X-XXII,XXV
CXXIV,XL-X-XXIII,XXV
CXXV,XL-X-XXIV,XXV
CXXV,XL-X-XXV,XXV
CXXIV,XL-X-XXVI,XXV
CXXV,XL-X-XXVII,XXV
CXXV,XL-X-XXVIII,XXV
CXXIV,XL-X-XXIX,XXV
CXXV,XL-X-XXX,XXV
CXXVI,XL-X-XXXI,XXV
CXXVI,XL-XI-I,XXV
CXXVI,XL-XI-II,XXV
CXXVII,XL-XI-III,XXV
CXXVII,XL-XI-IV,XXV
CXXVI,XL-XI-V,XXV
CXXVII,XL-XI-VI,XXV
CXXVI,XL-XI-VII,XXV
CXXV,XL-XI-VIII,XXV
CXXIV,XL-XI-IX,XXV
CXXV,XL-XI-X,XXV
CXXVI,XL-XI-XI,XXV
CXXVI,XL-XI-XII,XXV
CXXV,XL-XI-XIII,XXV
CXXV,XL-XI-XIV,XXV
CXXIV,XL-XI-XV,XXV
CXXIV,XL-XI-XVI,XXV
CXXIV,XL-XI-XVII,XXV
CXXIII,XL-XI-XVIII,XXV
CXXIV,XL-XI-XIX,XXV
CXXIV,XL-XI-XX,XXV
CXXIII,XL-XI-XXI,XXV
CXXIII,XL-XI-XXII,XXV
CXXIV,XL-XI-XXIII,XXV
CXXII,XL-XI-XXIV,XXV
CXXI,XL-XI-XXV,XXV
CXXI,XL-XI-XXVI,XXV
CXX,XL-XI-XXVII,XXV
CXX,XL-XI-XXVIII,XXV
CXIX,XL-XI-XXIX,XXV
CXIX,XL-XI-XXX,XXV
CXIX,XL-XII-I,XXV
CXVIII,XL-XII-II,XXV
CXIX,XL-XII-III,XXV
CXIX,XL-XII-IV,XXV
CXIX,XL-XII-V,XXV
CXX,XL-XII-VI,XXV
CXX,XL-XII-VII,XXV
CXXI,XL-XII-VIII,XXIV
CXXI,XL-XII-IX,XXV
CXXI,XL-XII-X,XXV
CXX,XL-XII-XI,XXV
CXXI,XL-XII-XII,XXV
CXXI,XL-XII-XIII,XXV
CXXII,XL-XII-XIV,XXV
CXXI,XL-XII-XV,XXV
CXXI,XL-XII-XVI,XXIV
CXXII,XL-XII-XVII,XXIV
CXXI,XL-XII-XVIII,XXIV
CXXII,XL-XII-XIX,XXIV
CXXII,XL-XII-XX,XXIV
CXXII,XL-XII-XXI,XXIV
CXXI,XL-XII-XXII,XXIV
CXXI,XL-XII-XXIII,XXIV
CXXI,XL-XII-XXIV,XXV
CXXI,XL-XII-XXV,XXIV
CXXII,XL-XII-XXVI,XXIV
CXXI,XL-XII-XXVII,XXIV
CXX,XL-XII-XXVIII,XXIV
CXXII,XL-XII-XXIX,XXIV
CXXI,XL-XII-XXX,XXV
CXXI,XL-XII-XXXI,XXV
CXXI,XLI-I-I,XXV
CXX,XLI-I-II,XXV